Workbook

Sheet מקרא
A1: מודל כלכלי – מכרז מסגרת 17/2026, מועצה מקומית כפר ברא (שירותי IT מנוהלים)
A3: מבנה ההצעה במכרז: (1) הנחה אחידה על מחירים חודשיים מרביים של 14 רכיבי בסיס; (2) הנחה על רכיבים אופציונליים; (3) דמי הקמה חד-פעמיים בש"ח, בלי תקרה; (4) הנחה על שעת תמיכה (250 ₪) ועל מחירי מדף.
A4: ניקוד: מחיר 60 = 80% דמי הקמה + 20% מחיר שירות שנתי (נוסחת הזול ÷ הנבחן); איכות 40. העדפת ספק מקומי בפער של עד 5%.
A6: מוסכמות צבע:
A7: טקסט כחול = קלט שמזינים ידנית.
A8: רקע צהוב = הנחה שצריך לאמת מול נתוני HOT (עלויות, כמויות, הצעות מתחרים).
A9: טקסט שחור = נוסחה. טקסט ירוק = קישור מגיליון אחר.
A11: סדר עבודה:
A12: 1. הנחות – אינפלציה, שער דולר, פיגור תשלום, תקופה, עלות הקמה.
A13: 2. רכיבי בסיס – כמויות צפויות ועלות חודשית לכל רכיב. עמודת "מרווח" מראה רכיבים שמפסידים כבר במחיר המרבי.
A14: 3. אופציונליים – כמות צפויה (ברירת מחדל 0) ועלות.
A15: 4. ניקוד ותחרות – דמי הקמה ושיעור הנחה שלנו ושל המתחרים, ציוני איכות, ספק מקומי. כולל טבלת רגישות לדמי ההקמה.
A16: 5. תזרים – 60 חודשים: רווח, NPV, חשיפה מרבית, שחיקת מרווח מאינפלציה (המחירים נומינליים ל-5 שנים).

Sheet הנחות
A1: הנחות
A3: הנחה | B3: ערך | C3: הסבר / מקור
A4: שיעור הנחה על רכיבי הבסיס (ההצעה שלנו) | B4: 0 | C4: נספח מ' 3 פרק 1. 0% = המחיר המרבי.
A5: שיעור הנחה על רכיבים אופציונליים | B5: 0 | C5: נספח מ' 3 פרק 2. לא נכלל בשקלול (לבדוק בתשובות ההבהרה).
A6: דמי הקמה – שירותי בסיס (ההצעה שלנו, ₪) | B6: 15000 | C6: נספח מ' 3 "דמי הקמה" שורה 1. 80% מציון המחיר! ראו גיליון ניקוד.
A7: עלות ההקמה בפועל (מיגרציה, התקנות, הדרכות) | B7: 30000 | C7: הערכה: כ-150 שעות + ציוד הקמה.
A8: עלות הכנת הצעה, ראיון ומסמכים | B8: 6000 | C8: רכישת מסמכים 1,500 ₪ + זמן צוות.
A9: חודש עלייה לאוויר (מתחיל חיוב חודשי) | B9: 2 | C9: הנחה.
A10: שנות אופציה צפויות (0–2) | B10: 1 | C10: סעיף 13: 3 שנים + 2 × שנה.
A11: חודש סיום מוקדם (0 = ללא) | B11: 0 | C11: סעיף 13 (21.2): ביטול בהודעה של 30 יום.
A12: פיגור תשלום בחודשים | B12: 2 | C12: הסכם 19.ד–ה: עד 15 יום לאישור + שוטף 45.
A13: אינפלציה שנתית (על עלויות בש"ח) | B13: 0.03 | C13: המחירים נומינליים ל-5 שנים (נספח מ' 3) – העלויות עולות, ההכנסה לא.
A14: שינוי שנתי בעלויות הצמודות לדולר | B14: 0 | C14: מחירוני Microsoft/ESET/Fortinet ושער הדולר. Microsoft העלתה מחירים ב-07/2026.
A15: שער דולר (₪) | B15: 3.055 | C15: בנק ישראל, 09/10/2026 (fx-rate.json בריפו).
... A22: מרווח רכש מול מחיר מדף (לפני הנחה) | B22: 0.15 | C22: הערכה: מחיר הספק נמוך ב-15% ממחיר המדף.
A24: נגזרות
A25: חודש סיום ההתקשרות | B25: =IF(B11>0,B11,36+12*B10) -> 48
A26: הכנסה חודשית מתמיכה ומרכש | B26: =B17*250*(1-B18)+B20*(1-B21) -> 3850
A27: עלות חודשית לתמיכה ורכש | B27: =B17*B19+B20*(1-B22) -> 3150

Sheet רכיבי בסיס
A1: רכיבי שירות בסיס חודשי (נספח מ' 3 פרק 1)
A3: # | B3: רכיב | C3: מחיר חודשי מרבי ליחידה | D3: כמות בטופס | E3: כמות צפויה | F3: עלות שלנו ליחידה לחודש | G3: חלק צמוד דולר | H3: מחיר אחרי הנחה | I3: הכנסה חודשית | J3: עלות חודשית | K3: רווח חודשי | L3: מרווח | M3: הערה / הנחת עלות
A4: 1 | B4: שירות IT מנוהל מקצה לקצה (כולל ביקור שבועי 8 ש') | C4: 4500 | D4: 1 | E4: 1 | F4: 4200 | G4: 0 | H4: =C4*(1-הנחות!$B$4) -> 4500 | I4: =H4*E4 -> 4500 | J4: =F4*E4 -> 4200 | K4: =I4-J4 -> 300 | L4: =IF(I4>0,K4/I4,0) -> 0.066666667 | M4: ביקור שבועי: 4.33 × 8 ש' × ~120 ₪ = 4,160 ₪, ועוד מוקד 24/7. כנראה הפסדי.
A5: 2 | B5: אחסון שרת DC (2 לשרידות) | C5: 675 | D5: 2 | E5: 2 | F5: 300 | G5: 0 | H5: =C5*(1-הנחות!$B$4) -> 675 | I5: =H5*E5 -> 1350 | J5: =F5*E5 -> 600 | K5: =I5-J5 -> 750 | L5: =IF(I5>0,K5/I5,0) -> 0.55555556 | M5: מכונה וירטואלית + רישוי Windows Server.
A6: 3 | B6: אחסון שרת FS 5TB (2 ב-DFS, NVMe) | C6: 200 | D6: 2 | E6: 2 | F6: 450 | G6: 0 | H6: =C6*(1-הנחות!$B$4) -> 200 | I6: =H6*E6 -> 400 | J6: =F6*E6 -> 900 | K6: =I6-J6 -> -500 | L6: =IF(I6>0,K6/I6,0) -> -1.25 | M6: 5TB NVMe ב-200 ₪ לחודש – כנראה מתחת לעלות.
A7: 4 | B7: אחסון שרת TS (עד 35 משתמשים) | C7: 800 | D7: 1 | E7: 1 | F7: 1000 | G7: 0.7 | H7: =C7*(1-הנחות!$B$4) -> 800 | I7: =H7*E7 -> 800 | J7: =F7*E7 -> 1000 | K7: =I7-J7 -> -200 | L7: =IF(I7>0,K7/I7,0) -> -0.25 | M7: כולל רישוי RDS ל-35 משתמשים (SPLA, צמוד דולר) – כנראה מתחת לעלות.
A8: 5 | B8: אבטחת מידע לתחנות (ESET) | C8: 25 | D8: 1 | E8: 35 | F8: 12 | G8: 1 | H8: =C8*(1-הנחות!$B$4) -> 25 | I8: =H8*E8 -> 875 | J8: =F8*E8 -> 420 | K8: =I8-J8 -> 455 | L8: =IF(I8>0,K8/I8,0) -> 0.52 | M8: לפי תחנה. כמות צפויה: הנחה.
A9: 6 | B9: אחסון שרת הדפסות | C9: 540 | D9: 1 | E9: 1 | F9: 200 | G9: 0 | H9: =C9*(1-הנחות!$B$4) -> 540 | I9: =H9*E9 -> 540 | J9: =F9*E9 -> 200 | K9: =I9-J9 -> 340 | L9: =IF(I9>0,K9/I9,0) -> 0.62962963
A10: 7 | B10: ניהול ציוד תקשורת (מתגים, Firewall, אלחוטי) | C10: 900 | D10: 1 | E10: 1 | F10: 400 | G10: 0 | H10: =C10*(1-הנחות!$B$4) -> 900 | I10: =H10*E10 -> 900 | J10: =F10*E10 -> 400 | K10: =I10-J10 -> 500 | L10: =IF(I10>0,K10/I10,0) -> 0.55555556
A11: 8 | B11: מרכזיית IP – 35 שלוחות, 10,000 דקות, הקלטה, אפליקציה | C11: 2000 | D11: 1 | E11: 1 | F11: 700 | G11: 0 | H11: =C11*(1-הנחות!$B$4) -> 2000 | I11: =H11*E11 -> 2000 | J11: =F11*E11 -> 700 | K11: =I11-J11 -> 1300 | L11: =IF(I11>0,K11/I11,0) -> 0.65 | M11: פלטפורמת HOT + דקות.
A12: 9 | B12: גיבוי יומי לאתר מרוחק (כלל השרתים) | C12: 1350 | D12: 1 | E12: 1 | F12: 500 | G12: 0 | H12: =C12*(1-הנחות!$B$4) -> 1350 | I12: =H12*E12 -> 1350 | J12: =F12*E12 -> 500 | K12: =I12-J12 -> 850 | L12: =IF(I12>0,K12/I12,0) -> 0.62962963
A13: 10 | B13: Microsoft 365 Business Standard | C13: 45 | D13: 1 | E13: 35 | F13: =14*הנחות!B15 -> 42.77 | G13: 1 | H13: =C13*(1-הנחות!$B$4) -> 45 | I13: =H13*E13 -> 1575 | J13: =F13*E13 -> 1496.95 | K13: =I13-J13 -> 78.05 | L13: =IF(I13>0,K13/I13,0) -> 0.049555556 | M13: מחירון $14 למשתמש מ-07/2026 × שער. מרווח של כ-5% בלבד.
A14: 11 | B14: קו מטרו IPVPN 300/150, כולל VDOM ו-2 חוות | C14: 1600 | D14: 1 | E14: 1 | F14: 700 | G14: 0 | H14: =C14*(1-הנחות!$B$4) -> 1600 | I14: =H14*E14 -> 1600 | J14: =F14*E14 -> 700 | K14: =I14-J14 -> 900 | L14: =IF(I14>0,K14/I14,0) -> 0.5625 | M14: עלות On-Net של HOT – הערכה.
A15: 12 | B15: שכירות מכשיר טלפון IP מתקדם | C15: 30 | D15: 1 | E15: 35 | F15: 15 | G15: 0.5 | H15: =C15*(1-הנחות!$B$4) -> 30 | I15: =H15*E15 -> 1050 | J15: =F15*E15 -> 525 | K15: =I15-J15 -> 525 | L15: =IF(I15>0,K15/I15,0) -> 0.5 | M15: מכשיר ~450 ₪ ÷ 36 + תחזוקה.
A16: 13 | B16: שכירות מתג מנוהל 48 PoE | C16: 270 | D16: 1 | E16: 2 | F16: 260 | G16: 0.5 | H16: =C16*(1-הנחות!$B$4) -> 270 | I16: =H16*E16 -> 540 | J16: =F16*E16 -> 520 | K16: =I16-J16 -> 20 | L16: =IF(I16>0,K16/I16,0) -> 0.037037037 | M16: מתג ~8,000 ₪ ÷ 36 + תמיכה. מרווח דק.
A17: 14 | B17: שכירות נקודת גישה מנוהלת | C17: 90 | D17: 1 | E17: 6 | F17: 65 | G17: 0.5 | H17: =C17*(1-הנחות!$B$4) -> 90 | I17: =H17*E17 -> 540 | J17: =F17*E17 -> 390 | K17: =I17-J17 -> 150 | L17: =IF(I17>0,K17/I17,0) -> 0.27777778 | M17: AP ~1,800 ₪ ÷ 36 + רישוי.
B18: סה"כ חודשי | I18: =SUM(I4:I17) -> 18020 | J18: =SUM(J4:J17) -> 12551.95 | K18: =SUM(K4:K17) -> 5468.05 | L18: =IF(I18>0,K18/I18,0) -> 0.3034434
B19: מזה עלות צמודת דולר | J19: =SUMPRODUCT(J4:J17,G4:G17) -> 3334.45
B20: מזה עלות שקלית | J20: =J18-J19 -> 9217.5
B22: מחיר שירות שנתי לשקלול (12 × מחיר אחרי הנחה × כמות בטופס) | I22: =12*SUMPRODUCT(H4:H17,D4:D17) -> 166800
B23: מחיר שירות שנתי לפי מחירים מרביים (לפני הנחה) | I23: =12*SUMPRODUCT(C4:C17,D4:D17) -> 166800

Sheet אופציונליים
A1: רכיבים אופציונליים (נספח מ' 3 פרק 2) – ברירת מחדל: לא מוזמנים
A3: # | B3: רכיב | C3: יחידה | D3: מחיר חודשי בטופס | E3: כמות צפויה | F3: עלות שלנו ליחידה | G3: מחיר אחרי הנחה | H3: רווח חודשי | I3: מרווח | J3: הערה
A4: 1 | B4: Microsoft 365 Business Premium | C4: משתמש | D4: 85 | E4: 0 | F4: =22*הנחות!B15 -> 67.21 | G4: =D4*(1-הנחות!$B$5) -> 85 | H4: =(G4-F4)*E4 -> 0 | I4: =IF(G4>0,(G4-F4)/G4,0) -> 0.20929412 | J4: מחירון $22.
A5: 2 | B5: Compliance / Purview for BP | C5: משתמש | D5: 38 | E5: 0 | F5: 20 | G5: =D5*(1-הנחות!$B$5) -> 38 | H5: =(G5-F5)*E5 -> 0 | I5: =IF(G5>0,(G5-F5)/G5,0) -> 0.47368421
A6: 3 | B6: Exchange Online Archive | C6: משתמש | D6: 16 | E6: 0 | F6: 10 | G6: =D6*(1-הנחות!$B$5) -> 16 | H6: =(G6-F6)*E6 -> 0 | I6: =IF(G6>0,(G6-F6)/G6,0) -> 0.375
A7: 4 | B7: Cloud-to-Cloud Backup – Mail | C7: תיבה | D7: 20 | E7: 0 | F7: 8 | G7: =D7*(1-הנחות!$B$5) -> 20 | H7: =(G7-F7)*E7 -> 0 | I7: =IF(G7>0,(G7-F7)/G7,0) -> 0.6
A8: – | B8: קו תקשורת גיבוי לאתר הראשי | C8: חודשי | D8: 540 | E8: 0 | F8: 250 | G8: =D8*(1-הנחות!$B$5) -> 540 | H8: =(G8-F8)*E8 -> 0 | I8: =IF(G8>0,(G8-F8)/G8,0) -> 0.53703704 | J8: ללא מספר בטופס.
A9: 7 | B9: אחסון נוסף Microsoft 365 | C9: 1TB | D9: 270 | E9: 0 | F9: 150 | G9: =D9*(1-הנחות!$B$5) -> 270 | H9: =(G9-F9)*E9 -> 0 | I9: =IF(G9>0,(G9-F9)/G9,0) -> 0.44444444
A10: 9 | B10: שעת תמיכה באתר | C10: שעה | D10: 252 | E10: 0 | F10: 150 | G10: =D10*(1-הנחות!$B$5) -> 252 | H10: =(G10-F10)*E10 -> 0 | I10: =IF(G10>0,(G10-F10)/G10,0) -> 0.4047619 | J10: סותר את 250 ₪ בפרק התמיכה.
A11: 11 | B11: אחסון שרת Collector ל-SOC/SIEM | C11: שרת | D11: 630 | E11: 0 | F11: 300 | G11: =D11*(1-הנחות!$B$5) -> 630 | H11: =(G11-F11)*E11 -> 0 | I11: =IF(G11>0,(G11-F11)/G11,0) -> 0.52380952
A12: 14 | B12: SOC/SIEM מנוהל | C12: חודשי | D12: 6300 | E12: 0 | F12: 4500 | G12: =D12*(1-הנחות!$B$5) -> 6300 | H12: =(G12-F12)*E12 -> 0 | I12: =IF(G12>0,(G12-F12)/G12,0) -> 0.28571429 | J12: 24/7 או שעות פעילות – לא ברור.
A13: 15 | B13: FortiNAC Cloud או שווה ערך | C13: מערכת | D13: 1800 | E13: 0 | F13: 1100 | G13: =D13*(1-הנחות!$B$5) -> 1800 | H13: =(G13-F13)*E13 -> 0 | I13: =IF(G13>0,(G13-F13)/G13,0) -> 0.38888889
A14: 16 | B14: FortiAnalyzer Cloud או שווה ערך | C14: מערכת | D14: 630 | E14: 0 | F14: 400 | G14: =D14*(1-הנחות!$B$5) -> 630 | H14: =(G14-F14)*E14 -> 0 | I14: =IF(G14>0,(G14-F14)/G14,0) -> 0.36507937
A15: 17 | B15: FortiManager Cloud או שווה ערך | C15: מערכת | D15: 720 | E15: 0 | F15: 450 | G15: =D15*(1-הנחות!$B$5) -> 720 | H15: =(G15-F15)*E15 -> 0 | I15: =IF(G15>0,(G15-F15)/G15,0) -> 0.375
A16: 18 | B16: NTA / NPM | C16: מערכת | D16: 630 | E16: 0 | F16: 350 | G16: =D16*(1-הנחות!$B$5) -> 630 | H16: =(G16-F16)*E16 -> 0 | I16: =IF(G16>0,(G16-F16)/G16,0) -> 0.44444444
A17: 19 | B17: שלוחה נוספת למרכזייה | C17: שלוחה | D17: 25 | E17: 0 | F17: 8 | G17: =D17*(1-הנחות!$B$5) -> 25 | H17: =(G17-F17)*E17 -> 0 | I17: =IF(G17>0,(G17-F17)/G17,0) -> 0.68
A18: 20 | B18: Call Center | C18: מערכת | D18: 450 | E18: 0 | F18: 200 | G18: =D18*(1-הנחות!$B$5) -> 450 | H18: =(G18-F18)*E18 -> 0 | I18: =IF(G18>0,(G18-F18)/G18,0) -> 0.55555556
A19: 21 | B19: מומחה אבטחת מידע (CISO) | C19: חודשי | D19: 2500 | E19: 0 | F19: 1800 | G19: =D19*(1-הנחות!$B$5) -> 2500 | H19: =(G19-F19)*E19 -> 0 | I19: =IF(G19>0,(G19-F19)/G19,0) -> 0.28
B21: סה"כ | G21: =SUMPRODUCT(G4:G19,E4:E19) -> 0 | H21: =SUM(H4:H19) -> 0
B22: עלות חודשית | H22: =G21-H21 -> 0

Sheet ניקוד ותחרות
A1: ניקוד ותחרות
A2: מחיר 60 = 0.6 × (80 × הקמה זולה ÷ הקמה נבחנת + 20 × שירות שנתי זול ÷ שירות שנתי נבחן). איכות 40.
A4: מציע | B4: דמי הקמה (₪) | C4: הנחה על הבסיס | D4: מחיר שירות שנתי | E4: ציון הקמה (מ-80) | F4: ציון שירות (מ-20) | G4: ציון מחיר (מ-60) | H4: ניסיון (מ-20) | I4: ראיון (מ-10) | J4: המלצות (מ-10) | K4: סה"כ | L4: ספק מקומי (1/0) | M4: דירוג | N4: זוכה צפוי
A5: HOT (אנחנו) | B5: =הנחות!B6 -> 15000 | C5: =הנחות!B4 -> 0 | D5: ='רכיבי בסיס'!$I$23*(1-C5) -> 166800 | E5: =IF(B5>0,80*MIN($B$5:$B$8)/B5,0) -> 53.333333 | F5: =IF(D5>0,20*MIN($D$5:$D$8)/D5,0) -> 17 | G5: =0.6*(E5+F5) -> 42.2 | H5: 12 | I5: 8 | J5: 8 | K5: =G5+H5+I5+J5 -> 70.2 | L5: 0 | M5: =RANK(K5,$K$5:$K$8) -> 2 | N5: =IF($K$12="כן",IF(AND(L5=1,K5=$K$11),"זוכה (מקומי)",""),IF(M5=1,"זוכה",""))
A6: מתחרה 1 | B6: 20000 | C6: 0.1 | D6: ='רכיבי בסיס'!$I$23*(1-C6) -> 150120 | E6: =IF(B6>0,80*MIN($B$5:$B$8)/B6,0) -> 40 | F6: =IF(D6>0,20*MIN($D$5:$D$8)/D6,0) -> 18.888889 | G6: =0.6*(E6+F6) -> 35.333333 | H6: 14 | I6: 7 | J6: 8 | K6: =G6+H6+I6+J6 -> 64.333333 | L6: 0 | M6: =RANK(K6,$K$5:$K$8) -> 3 | N6: =IF($K$12="כן",IF(AND(L6=1,K6=$K$11),"זוכה (מקומי)",""),IF(M6=1,"זוכה",""))
A7: מתחרה 2 | B7: 10000 | C7: 0.15 | D7: ='רכיבי בסיס'!$I$23*(1-C7) -> 141780 | E7: =IF(B7>0,80*MIN($B$5:$B$8)/B7,0) -> 80 | F7: =IF(D7>0,20*MIN($D$5:$D$8)/D7,0) -> 20 | G7: =0.6*(E7+F7) -> 60 | H7: 10 | I7: 6 | J7: 6 | K7: =G7+H7+I7+J7 -> 82 | L7: 0 | M7: =RANK(K7,$K$5:$K$8) -> 1 | N7: =IF($K$12="כן",IF(AND(L7=1,K7=$K$11),"זוכה (מקומי)",""),IF(M7=1,"זוכה","")) -> זוכה
A8: מתחרה 3 (מקומי?) | B8: 30000 | C8: 0.05 | D8: ='רכיבי בסיס'!$I$23*(1-C8) -> 158460 | E8: =IF(B8>0,80*MIN($B$5:$B$8)/B8,0) -> 26.666667 | F8: =IF(D8>0,20*MIN($D$5:$D$8)/D8,0) -> 17.894737 | G8: =0.6*(E8+F8) -> 26.736842 | H8: 6 | I8: 8 | J8: 6 | K8: =G8+H8+I8+J8 -> 46.736842 | L8: 1 | M8: =RANK(K8,$K$5:$K$8) -> 4 | N8: =IF($K$12="כן",IF(AND(L8=1,K8=$K$11),"זוכה (מקומי)",""),IF(M8=1,"זוכה",""))
A10: הציון הגבוה ביותר | K10: =MAX(K5:K8) -> 82
A11: ציון ספק מקומי מוביל | K11: =SUMPRODUCT(MAX(K5:K8*L5:L8)) -> 46.736842
A12: ספק מקומי זוכה בהעדפה? | K12: =IF(AND(K11>0,K11>=0.95*K10),"כן","לא") -> לא
A14: מחיר נקודה אחת (₪)
A15: דרך דמי ההקמה | B15: =B5/48 -> 312.5 | C15: =IF(B15>0,B16/B15,0) -> 177.92 | D15: פי כמה זול יותר לקנות ניקוד דרך דמי ההקמה
A16: דרך הנחה על הבסיס (על כל החוזה) | B16: =D5/12*הנחות!B25/12 -> 55600
A18: רגישות: דמי ההקמה שלנו מול הציון שלנו
A19: דמי הקמה שנבחן | B19: ציון הקמה | C19: ציון מחיר | D19: ציון כולל | E19: פער מול המוביל האחר | F19: הכנסה מוותרת מול 15,000 ₪
A20: 1 | B20: =80*MIN(A20,MIN($B$6:$B$8))/A20 -> 80 | C20: =0.6*(B20+$F$5) -> 58.2 | D20: =C20+$H$5+$I$5+$J$5 -> 86.2 | E20: =D20-MAX(0.6*(80*MIN(A20,MIN($B$6:$B$8))/$B$6+$F$6)+$H$6+$I$6+$J$6,0.6*(80*MIN(A20,MIN($B$6:$B$8))/$B$7+$F$7)+$H$7+$I$7+$J$7,0.6*(80*MIN(A20,MIN($B$6:$B$8))/$B$8+$F$8)+$H$8+$I$8+$J$8) -> 45.864267 | F20: =15000-A20 -> 14999
A21: 1000 | B21: =80*MIN(A21,MIN($B$6:$B$8))/A21 -> 80 | C21: =0.6*(B21+$F$5) -> 58.2 | D21: =C21+$H$5+$I$5+$J$5 -> 86.2 | E21: =D21-MAX(0.6*(80*MIN(A21,MIN($B$6:$B$8))/$B$6+$F$6)+$H$6+$I$6+$J$6,0.6*(80*MIN(A21,MIN($B$6:$B$8))/$B$7+$F$7)+$H$7+$I$7+$J$7,0.6*(80*MIN(A21,MIN($B$6:$B$8))/$B$8+$F$8)+$H$8+$I$8+$J$8) -> 43.466667 | F21: =15000-A21 -> 14000
A22: 5000 | B22: =80*MIN(A22,MIN($B$6:$B$8))/A22 -> 80 | C22: =0.6*(B22+$F$5) -> 58.2 | D22: =C22+$H$5+$I$5+$J$5 -> 86.2 | E22: =D22-MAX(0.6*(80*MIN(A22,MIN($B$6:$B$8))/$B$6+$F$6)+$H$6+$I$6+$J$6,0.6*(80*MIN(A22,MIN($B$6:$B$8))/$B$7+$F$7)+$H$7+$I$7+$J$7,0.6*(80*MIN(A22,MIN($B$6:$B$8))/$B$8+$F$8)+$H$8+$I$8+$J$8) -> 28.2 | F22: =15000-A22 -> 10000
A23: 10000 | B23: =80*MIN(A23,MIN($B$6:$B$8))/A23 -> 80 | C23: =0.6*(B23+$F$5) -> 58.2 | D23: =C23+$H$5+$I$5+$J$5 -> 86.2 | E23: =D23-MAX(0.6*(80*MIN(A23,MIN($B$6:$B$8))/$B$6+$F$6)+$H$6+$I$6+$J$6,0.6*(80*MIN(A23,MIN($B$6:$B$8))/$B$7+$F$7)+$H$7+$I$7+$J$7,0.6*(80*MIN(A23,MIN($B$6:$B$8))/$B$8+$F$8)+$H$8+$I$8+$J$8) -> 4.2 | F23: =15000-A23 -> 5000
A24: 15000 | B24: =80*MIN(A24,MIN($B$6:$B$8))/A24 -> 53.333333 | C24: =0.6*(B24+$F$5) -> 42.2 | D24: =C24+$H$5+$I$5+$J$5 -> 70.2 | E24: =D24-MAX(0.6*(80*MIN(A24,MIN($B$6:$B$8))/$B$6+$F$6)+$H$6+$I$6+$J$6,0.6*(80*MIN(A24,MIN($B$6:$B$8))/$B$7+$F$7)+$H$7+$I$7+$J$7,0.6*(80*MIN(A24,MIN($B$6:$B$8))/$B$8+$F$8)+$H$8+$I$8+$J$8) -> -11.8 | F24: =15000-A24 -> 0
A25: 20000 | B25: =80*MIN(A25,MIN($B$6:$B$8))/A25 -> 40 | C25: =0.6*(B25+$F$5) -> 34.2 | D25: =C25+$H$5+$I$5+$J$5 -> 62.2 | E25: =D25-MAX(0.6*(80*MIN(A25,MIN($B$6:$B$8))/$B$6+$F$6)+$H$6+$I$6+$J$6,0.6*(80*MIN(A25,MIN($B$6:$B$8))/$B$7+$F$7)+$H$7+$I$7+$J$7,0.6*(80*MIN(A25,MIN($B$6:$B$8))/$B$8+$F$8)+$H$8+$I$8+$J$8) -> -19.8 | F25: =15000-A25 -> -5000
A26: 30000 | B26: =80*MIN(A26,MIN($B$6:$B$8))/A26 -> 26.666667 | C26: =0.6*(B26+$F$5) -> 26.2 | D26: =C26+$H$5+$I$5+$J$5 -> 54.2 | E26: =D26-MAX(0.6*(80*MIN(A26,MIN($B$6:$B$8))/$B$6+$F$6)+$H$6+$I$6+$J$6,0.6*(80*MIN(A26,MIN($B$6:$B$8))/$B$7+$F$7)+$H$7+$I$7+$J$7,0.6*(80*MIN(A26,MIN($B$6:$B$8))/$B$8+$F$8)+$H$8+$I$8+$J$8) -> -27.8 | F26: =15000-A26 -> -15000
A27: 45000 | B27: =80*MIN(A27,MIN($B$6:$B$8))/A27 -> 17.777778 | C27: =0.6*(B27+$F$5) -> 20.866667 | D27: =C27+$H$5+$I$5+$J$5 -> 48.866667 | E27: =D27-MAX(0.6*(80*MIN(A27,MIN($B$6:$B$8))/$B$6+$F$6)+$H$6+$I$6+$J$6,0.6*(80*MIN(A27,MIN($B$6:$B$8))/$B$7+$F$7)+$H$7+$I$7+$J$7,0.6*(80*MIN(A27,MIN($B$6:$B$8))/$B$8+$F$8)+$H$8+$I$8+$J$8) -> -33.133333 | F27: =15000-A27 -> -30000
A29: שימו לב: בנוסחת "הזול ÷ הנבחן" הצעת הקמה סמלית מוחקת כמעט את כל 48 הנקודות של המתחרים. הוועדה רשאית לפסול הצעה "בלתי סבירה" (סעיף 7.9), ולכן זה גם סיכון וגם הזדמנות.

Sheet תזרים
A1: תזרים חודשי (60 חודשים)
A2: רווח (צבירה) 36 חודשים | C2: =SUM(I9:I45) -> 180151.48 | F2: חשיפת מזומנים מרבית | H2: =MIN(M9:M69) -> -67472.155
A3: רווח (צבירה) כל התקופה | C3: =SUM(I9:I69) -> 242258.5 | F3: מרווח חודשי בחודש העלייה לאוויר | H3: =INDEX(C9:C69,הנחות!B9+1)+INDEX(D9:D69,הנחות!B9+1)+INDEX(E9:E69,הנחות!B9+1)-INDEX(G9:G69,הנחות!B9+1) -> 6145.3172
A4: ערך נוכחי נקי (NPV) של התזרים | C4: =L9+NPV(הנחות!B16/12,L10:L69) -> 192314.32 | F4: מרווח חודשי בחודש האחרון | H4: =INDEX(C9:C69,הנחות!B25+1)+INDEX(D9:D69,הנחות!B25+1)+INDEX(E9:E69,הנחות!B25+1)-INDEX(G9:G69,הנחות!B25+1) -> 5036.6956
A5: שחיקת מרווח: המחירים נומינליים ל-5 שנים, העלויות עולות לפי אינפלציה ומחירוני דולר.
A8: חודש | B8: פעיל | C8: הכנסה: בסיס | D8: הכנסה: אופציונליים | E8: הכנסה: תמיכה ורכש | F8: הכנסה: הקמה | G8: עלות חודשית | H8: עלות חד-פעמית | I8: רווח (צבירה) | J8: חיוב כולל | K8: תקבול (אחרי פיגור) | L8: תזרים נטו | M8: מצטבר
A9: 0 | B9: =IF(AND(A9>=1,A9<=הנחות!$B$25),1,0) -> 0 | C9: ='רכיבי בסיס'!$I$18*B9*(A9>=הנחות!$B$9) -> 0 | D9: =אופציונליים!$G$21*B9*(A9>=הנחות!$B$9) -> 0 | E9: =הנחות!$B$26*B9*(A9>=הנחות!$B$9) -> 0 | F9: =IF(A9=הנחות!$B$9,הנחות!$B$6,0) -> 0 | G9: =('רכיבי בסיס'!$J$20*(1+הנחות!$B$13)^((A9-1)/12)+'רכיבי בסיס'!$J$19*(1+הנחות!$B$14)^((A9-1)/12)+אופציונליים!$H$22+הנחות!$B$27)*B9*(A9>=הנחות!$B$9) -> 0 | H9: =IF(A9=0,הנחות!$B$8,0)+IF(A9=1,הנחות!$B$7,0) -> 6000 | I9: =C9+D9+E9+F9-G9-H9 -> -6000 | J9: =C9+D9+E9+F9 -> 0 | K9: =IF(A9-הנחות!$B$12>=0,INDEX($J$9:$J$69,A9-הנחות!$B$12+1),0) -> 0 | L9: =K9-G9-H9 -> -6000 | M9: =L9 -> -6000
A10: 1 | B10: =IF(AND(A10>=1,A10<=הנחות!$B$25),1,0) -> 1 | C10: ='רכיבי בסיס'!$I$18*B10*(A10>=הנחות!$B$9) -> 0 | D10: =אופציונליים!$G$21*B10*(A10>=הנחות!$B$9) -> 0 | E10: =הנחות!$B$26*B10*(A10>=הנחות!$B$9) -> 0 | F10: =IF(A10=הנחות!$B$9,הנחות!$B$6,0) -> 0 | G10: =('רכיבי בסיס'!$J$20*(1+הנחות!$B$13)^((A10-1)/12)+'רכיבי בסיס'!$J$19*(1+הנחות!$B$14)^((A10-1)/12)+אופציונליים!$H$22+הנחות!$B$27)*B10*(A10>=הנחות!$B$9) -> 0 | H10: =IF(A10=0,הנחות!$B$8,0)+IF(A10=1,הנחות!$B$7,0) -> 30000 | I10: =C10+D10+E10+F10-G10-H10 -> -30000 | J10: =C10+D10+E10+F10 -> 0 | K10: =IF(A10-הנחות!$B$12>=0,INDEX($J$9:$J$69,A10-הנחות!$B$12+1),0) -> 0 | L10: =K10-G10-H10 -> -30000 | M10: =M9+L10 -> -36000
A11: 2 | B11: =IF(AND(A11>=1,A11<=הנחות!$B$25),1,0) -> 1 | C11: ='רכיבי בסיס'!$I$18*B11*(A11>=הנחות!$B$9) -> 18020 | D11: =אופציונליים!$G$21*B11*(A11>=הנחות!$B$9) -> 0 | E11: =הנחות!$B$26*B11*(A11>=הנחות!$B$9) -> 3850 | F11: =IF(A11=הנחות!$B$9,הנחות!$B$6,0) -> 15000 | G11: =('רכיבי בסיס'!$J$20*(1+הנחות!$B$13)^((A11-1)/12)+'רכיבי בסיס'!$J$19*(1+הנחות!$B$14)^((A11-1)/12)+אופציונליים!$H$22+הנחות!$B$27)*B11*(A11>=הנחות!$B$9) -> 15724.683 | H11: =IF(A11=0,הנחות!$B$8,0)+IF(A11=1,הנחות!$B$7,0) -> 0 | I11: =C11+D11+E11+F11-G11-H11 -> 21145.317 | J11: =C11+D11+E11+F11 -> 36870 | K11: =IF(A11-הנחות!$B$12>=0,INDEX($J$9:$J$69,A11-הנחות!$B$12+1),0) -> 0 | L11: =K11-G11-H11 -> -15724.683 | M11: =M10+L11 -> -51724.683
A12: 3 | B12: =IF(AND(A12>=1,A12<=הנחות!$B$25),1,0) -> 1 | C12: ='רכיבי בסיס'!$I$18*B12*(A12>=הנחות!$B$9) -> 18020 | D12: =אופציונליים!$G$21*B12*(A12>=הנחות!$B$9) -> 0 | E12: =הנחות!$B$26*B12*(A12>=הנחות!$B$9) -> 3850 | F12: =IF(A12=הנחות!$B$9,הנחות!$B$6,0) -> 0 | G12: =('רכיבי בסיס'!$J$20*(1+הנחות!$B$13)^((A12-1)/12)+'רכיבי בסיס'!$J$19*(1+הנחות!$B$14)^((A12-1)/12)+אופציונליים!$H$22+הנחות!$B$27)*B12*(A12>=הנחות!$B$9) -> 15747.472 | H12: =IF(A12=0,הנחות!$B$8,0)+IF(A12=1,הנחות!$B$7,0) -> 0 | I12: =C12+D12+E12+F12-G12-H12 -> 6122.5283 | J12: =C12+D12+E12+F12 -> 21870 | K12: =IF(A12-הנחות!$B$12>=0,INDEX($J$9:$J$69,A12-הנחות!$B$12+1),0) -> 0 | L12: =K12-G12-H12 -> -15747.472 | M12: =M11+L12 -> -67472.155
A13: 4 | B13: =IF(AND(A13>=1,A13<=הנחות!$B$25),1,0) -> 1 | C13: ='רכיבי בסיס'!$I$18*B13*(A13>=הנחות!$B$9) -> 18020 | D13: =אופציונליים!$G$21*B13*(A13>=הנחות!$B$9) -> 0 | E13: =הנחות!$B$26*B13*(A13>=הנחות!$B$9) -> 3850 | F13: =IF(A13=הנחות!$B$9,הנחות!$B$6,0) -> 0 | G13: =('רכיבי בסיס'!$J$20*(1+הנחות!$B$13)^((A13-1)/12)+'רכיבי בסיס'!$J$19*(1+הנחות!$B$14)^((A13-1)/12)+אופציונליים!$H$22+הנחות!$B$27)*B13*(A13>=הנחות!$B$9) -> 15770.317 | H13: =IF(A13=0,הנחות!$B$8,0)+IF(A13=1,הנחות!$B$7,0) -> 0 | I13: =C13+D13+E13+F13-G13-H13 -> 6099.6831 | J13: =C13+D13+E13+F13 -> 21870 | K13: =IF(A13-הנחות!$B$12>=0,INDEX($J$9:$J$69,A13-הנחות!$B$12+1),0) -> 36870 | L13: =K13-G13-H13 -> 21099.683 | M13: =M12+L13 -> -46372.471
A14: 5 | B14: =IF(AND(A14>=1,A14<=הנחות!$B$25),1,0) -> 1 | C14: ='רכיבי בסיס'!$I$18*B14*(A14>=הנחות!$B$9) -> 18020 | D14: =אופציונליים!$G$21*B14*(A14>=הנחות!$B$9) -> 0 | E14: =הנחות!$B$26*B14*(A14>=הנחות!$B$9) -> 3850 | F14: =IF(A14=הנחות!$B$9,הנחות!$B$6,0) -> 0 | G14: =('רכיבי בסיס'!$J$20*(1+הנחות!$B$13)^((A14-1)/12)+'רכיבי בסיס'!$J$19*(1+הנחות!$B$14)^((A14-1)/12)+אופציונליים!$H$22+הנחות!$B$27)*B14*(A14>=הנחות!$B$9) -> 15793.218 | H14: =IF(A14=0,הנחות!$B$8,0)+IF(A14=1,הנחות!$B$7,0) -> 0 | I14: =C14+D14+E14+F14-G14-H14 -> 6076.7817 | J14: =C14+D14+E14+F14 -> 21870 | K14: =IF(A14-הנחות!$B$12>=0,INDEX($J$9:$J$69,A14-הנחות!$B$12+1),0) -> 21870 | L14: =K14-G14-H14 -> 6076.7817 | M14: =M13+L14 -> -40295.69
A15: 6 | B15: =IF(AND(A15>=1,A15<=הנחות!$B$25),1,0) -> 1 | C15: ='רכיבי בסיס'!$I$18*B15*(A15>=הנחות!$B$9) -> 18020 | D15: =אופציונליים!$G$21*B15*(A15>=הנחות!$B$9) -> 0 | E15: =הנחות!$B$26*B15*(A15>=הנחות!$B$9) -> 3850 | F15: =IF(A15=הנחות!$B$9,הנחות!$B$6,0) -> 0 | G15: =('רכיבי בסיס'!$J$20*(1+הנחות!$B$13)^((A15-1)/12)+'רכיבי בסיס'!$J$19*(1+הנחות!$B$14)^((A15-1)/12)+אופציונליים!$H$22+הנחות!$B$27)*B15*(A15>=הנחות!$B$9) -> 15816.176 | H15: =IF(A15=0,הנחות!$B$8,0)+IF(A15=1,הנחות!$B$7,0) -> 0 | I15: =C15+D15+E15+F15-G15-H15 -> 6053.8238 | J15: =C15+D15+E15+F15 -> 21870 | K15: =IF(A15-הנחות!$B$12>=0,INDEX($J$9:$J$69,A15-הנחות!$B$12+1),0) -> 21870 | L15: =K15-G15-H15 -> 6053.8238 | M15: =M14+L15 -> -34241.866
A16: 7 | B16: =IF(AND(A16>=1,A16<=הנחות!$B$25),1,0) -> 1 | C16: ='רכיבי בסיס'!$I$18*B16*(A16>=הנחות!$B$9) -> 18020 | D16: =אופציונליים!$G$21*B16*(A16>=הנחות!$B$9) -> 0 | E16: =הנחות!$B$26*B16*(A16>=הנחות!$B$9) -> 3850 | F16: =IF(A16=הנחות!$B$9,הנחות!$B$6,0) -> 0 | G16: =('רכיבי בסיס'!$J$20*(1+הנחות!$B$13)^((A16-1)/12)+'רכיבי בסיס'!$J$19*(1+הנחות!$B$14)^((A16-1)/12)+אופציונליים!$H$22+הנחות!$B$27)*B16*(A16>=הנחות!$B$9) -> 15839.191 | H16: =IF(A16=0,הנחות!$B$8,0)+IF(A16=1,הנחות!$B$7,0) -> 0 | I16: =C16+D16+E16+F16-G16-H16 -> 6030.8092 | J16: =C16+D16+E16+F16 -> 21870 | K16: =IF(A16-הנחות!$B$12>=0,INDEX($J$9:$J$69,A16-הנחות!$B$12+1),0) -> 21870 | L16: =K16-G16-H16 -> 6030.8092 | M16: =M15+L16 -> -28211.057
A17: 8 | B17: =IF(AND(A17>=1,A17<=הנחות!$B$25),1,0) -> 1 | C17: ='רכיבי בסיס'!$I$18*B17*(A17>=הנחות!$B$9) -> 18020 | D17: =אופציונליים!$G$21*B17*(A17>=הנחות!$B$9) -> 0 | E17: =הנחות!$B$26*B17*(A17>=הנחות!$B$9) -> 3850 | F17: =IF(A17=הנחות!$B$9,הנחות!$B$6,0) -> 0 | G17: =('רכיבי בסיס'!$J$20*(1+הנחות!$B$13)^((A17-1)/12)+'רכיבי בסיס'!$J$19*(1+הנחות!$B$14)^((A17-1)/12)+אופציונליים!$H$22+הנחות!$B$27)*B17*(A17>=הנחות!$B$9) -> 15862.262 | H17: =IF(A17=0,הנחות!$B$8,0)+IF(A17=1,הנחות!$B$7,0) -> 0 | I17: =C17+D17+E17+F17-G17-H17 -> 6007.7379 | J17: =C17+D17+E17+F17 -> 21870 | K17: =IF(A17-הנחות!$B$12>=0,INDEX($J$9:$J$69,A17-הנחות!$B$12+1),0) -> 21870 | L17: =K17-G17-H17 -> 6007.7379 | M17: =M16+L17 -> -22203.319
A18: 9 | B18: =IF(AND(A18>=1,A18<=הנחות!$B$25),1,0) -> 1 | C18: ='רכיבי בסיס'!$I$18*B18*(A18>=הנחות!$B$9) -> 18020 | D18: =אופציונליים!$G$21*B18*(A18>=הנחות!$B$9) -> 0 | E18: =הנחות!$B$26*B18*(A18>=הנחות!$B$9) -> 3850 | F18: =IF(A18=הנחות!$B$9,הנחות!$B$6,0) -> 0 | G18: =('רכיבי בסיס'!$J$20*(1+הנחות!$B$13)^((A18-1)/12)+'רכיבי בסיס'!$J$19*(1+הנחות!$B$14)^((A18-1)/12)+אופציונליים!$H$22+הנחות!$B$27)*B18*(A18>=הנחות!$B$9) -> 15885.39 | H18: =IF(A18=0,הנחות!$B$8,0)+IF(A18=1,הנחות!$B$7,0) -> 0 | I18: =C18+D18+E18+F18-G18-H18 -> 5984.6097 | J18: =C18+D18+E18+F18 -> 21870 | K18: =IF(A18-הנחות!$B$12>=0,INDEX($J$9:$J$69,A18-הנחות!$B$12+1),0) -> 21870 | L18: =K18-G18-H18 -> 5984.6097 | M18: =M17+L18 -> -16218.709
A19: 10 | B19: =IF(AND(A19>=1,A19<=הנחות!$B$25),1,0) -> 1 | C19: ='רכיבי בסיס'!$I$18*B19*(A19>=הנחות!$B$9) -> 18020 | D19: =אופציונליים!$G$21*B19*(A19>=הנחות!$B$9) -> 0 | E19: =הנחות!$B$26*B19*(A19>=הנחות!$B$9) -> 3850 | F19: =IF(A19=הנחות!$B$9,הנחות!$B$6,0) -> 0 | G19: =('רכיבי בסיס'!$J$20*(1+הנחות!$B$13)^((A19-1)/12)+'רכיבי בסיס'!$J$19*(1+הנחות!$B$14)^((A19-1)/12)+אופציונליים!$H$22+הנחות!$B$27)*B19*(A19>=הנחות!$B$9) -> 15908.576 | H19: =IF(A19=0,הנחות!$B$8,0)+IF(A19=1,הנחות!$B$7,0) -> 0 | I19: =C19+D19+E19+F19-G19-H19 -> 5961.4244 | J19: =C19+D19+E19+F19 -> 21870 | K19: =IF(A19-הנחות!$B$12>=0,INDEX($J$9:$J$69,A19-הנחות!$B$12+1),0) -> 21870 | L19: =K19-G19-H19 -> 5961.4244 | M19: =M18+L19 -> -10257.285
A20: 11 | B20: =IF(AND(A20>=1,A20<=הנחות!$B$25),1,0) -> 1 | C20: ='רכיבי בסיס'!$I$18*B20*(A20>=הנחות!$B$9) -> 18020 | D20: =אופציונליים!$G$21*B20*(A20>=הנחות!$B$9) -> 0 | E20: =הנחות!$B$26*B20*(A20>=הנחות!$B$9) -> 3850 | F20: =IF(A20=הנחות!$B$9,הנחות!$B$6,0) -> 0 | G20: =('רכיבי בסיס'!$J$20*(1+הנחות!$B$13)^((A20-1)/12)+'רכיבי בסיס'!$J$19*(1+הנחות!$B$14)^((A20-1)/12)+אופציונליים!$H$22+הנחות!$B$27)*B20*(A20>=הנחות!$B$9) -> 15931.818 | H20: =IF(A20=0,הנחות!$B$8,0)+IF(A20=1,הנחות!$B$7,0) -> 0 | I20: =C20+D20+E20+F20-G20-H20 -> 5938.182 | J20: =C20+D20+E20+F20 -> 21870 | K20: =IF(A20-הנחות!$B$12>=0,INDEX($J$9:$J$69,A20-הנחות!$B$12+1),0) -> 21870 | L20: =K20-G20-H20 -> 5938.182 | M20: =M19+L20 -> -4319.1029
A21: 12 | B21: =IF(AND(A21>=1,A21<=הנחות!$B$25),1,0) -> 1 | C21: ='רכיבי בסיס'!$I$18*B21*(A21>=הנחות!$B$9) -> 18020 | D21: =אופציונליים!$G$21*B21*(A21>=הנחות!$B$9) -> 0 | E21: =הנחות!$B$26*B21*(A21>=הנחות!$B$9) -> 3850 | F21: =IF(A21=הנחות!$B$9,הנחות!$B$6,0) -> 0 | G21: =('רכיבי בסיס'!$J$20*(1+הנחות!$B$13)^((A21-1)/12)+'רכיבי בסיס'!$J$19*(1+הנחות!$B$14)^((A21-1)/12)+אופציונליים!$H$22+הנחות!$B$27)*B21*(A21>=הנחות!$B$9) -> 15955.118 | H21: =IF(A21=0,הנחות!$B$8,0)+IF(A21=1,הנחות!$B$7,0) -> 0 | I21: =C21+D21+E21+F21-G21-H21 -> 5914.8822 | J21: =C21+D21+E21+F21 -> 21870 | K21: =IF(A21-הנחות!$B$12>=0,INDEX($J$9:$J$69,A21-הנחות!$B$12+1),0) -> 21870 | L21: =K21-G21-H21 -> 5914.8822 | M21: =M20+L21 -> 1595.7794
... A69: 60 | B69: =IF(AND(A69>=1,A69<=הנחות!$B$25),1,0) -> 0 | C69: ='רכיבי בסיס'!$I$18*B69*(A69>=הנחות!$B$9) -> 0 | D69: =אופציונליים!$G$21*B69*(A69>=הנחות!$B$9) -> 0 | E69: =הנחות!$B$26*B69*(A69>=הנחות!$B$9) -> 0 | F69: =IF(A69=הנחות!$B$9,הנחות!$B$6,0) -> 0 | G69: =('רכיבי בסיס'!$J$20*(1+הנחות!$B$13)^((A69-1)/12)+'רכיבי בסיס'!$J$19*(1+הנחות!$B$14)^((A69-1)/12)+אופציונליים!$H$22+הנחות!$B$27)*B69*(A69>=הנחות!$B$9) -> 0 | H69: =IF(A69=0,הנחות!$B$8,0)+IF(A69=1,הנחות!$B$7,0) -> 0 | I69: =C69+D69+E69+F69-G69-H69 -> 0 | J69: =C69+D69+E69+F69 -> 0 | K69: =IF(A69-הנחות!$B$12>=0,INDEX($J$9:$J$69,A69-הנחות!$B$12+1),0) -> 0 | L69: =K69-G69-H69 -> 0 | M69: =M68+L69 -> 242258.5
A71: הערה: חיובים שנצברו עד חודש הסיום ייגבו גם אחריו (פיגור תשלום) – לכן התזרים נמשך עד חודש 60 גם בסיום מוקדם.

Sheet מדדי שוק
A1: מדדי שוק ונתונים חיצוניים
A3: מדד | B3: ערך | C3: הערה | D3: מקור
A4: Microsoft 365 Business Standard | B4: $14 למשתמש לחודש | C4: מ-1.7.2026 (היה $12.50). מחיר מרבי בטופס: 45 ₪ ≈ $14.7. | D4: https://lazyadmin.nl/office-365/microsoft-365-business-standard-vs-premium-2026-update/
A5: Microsoft 365 Business Premium | B5: $22 למשתמש לחודש | C5: ללא שינוי ב-2026. מחיר בטופס: 85 ₪. | D5: https://www.stmicro.net/blog/microsoft-365-price-increase-2026/
A6: שער דולר יציג | B6: 3.055 ₪ | C6: 09/10/2026 | D6: בנק ישראל (fx-rate.json בריפו)
A7: מרכזייה בענן – שלוחה לחודש (שוק) | B7: 20–80 ₪ | C7: בטופס: 2,000 ₪ ל-35 שלוחות + 10,000 דקות ≈ 57 ₪ לשלוחה. | D7: https://www.xn----9hcbbmdejomb6a2c8b8a.org.il/cloud-pbx/
A8: הצעה הפסדית | B8: לא נפסלת אוטומטית | C8: עע"מ 3499/08; הצעה תכסיסנית או בלתי סבירה – נפסלת (ראו גם סעיף 7.9 במכרז). | D8: https://www.duns100.co.il/articles/לא_כל_מספר_זוכה__על_הצעה_הפסדית_והצעה_תכסיסנית_במכרז_הציבורי

Sheet החלטת הגשה
A1: כרטיס החלטה: להגיש / לא להגיש
A3: קריטריון | B3: משקל | C3: ציון (1–5) | D3: ציון משוקלל | E3: הערה
A4: תנאי סף: 5 שנות IT מנוהל ל-2 רשויות, ISO 9001 + 27001, תמיכה 24/7 | B4: 0.2 | C4: 3 | D4: =B4*C4 -> 0.6 | E4: אם לא – רק דרך שותף/קבלן משנה (שאלת הבהרה 11).
A5: רווחיות (גיליון תזרים) | B5: 0.2 | C5: 3 | D5: =B5*C5 -> 0.6 | E5: רווח חיובי בהנחות ברירת המחדל, אבל רכיבים 3–4 מתחת לעלות ויש שחיקה מאינפלציה.
A6: ערך אסטרטגי (קווי מטרו, מרכזייה, אפסייל אבטחה) | B6: 0.15 | C6: 4 | D6: =B6*C6 -> 0.6 | E6: רכיבים 8 ו-11 הם הליבה של HOT.
A7: סיכון חוזי (ללא הצמדה, ביטול ב-30 יום, אין כמויות) | B7: 0.15 | C7: 2 | D7: =B7*C7 -> 0.3 | E7: תלוי בתשובות להבהרות.
A8: יכולת לזכות בציון האיכות (40 נק') | B8: 0.15 | C8: 3 | D8: =B8*C8 -> 0.45 | E8: ניסיון מול רשויות, ראיון, 5 המלצות.
A9: תחרות וספק מקומי (העדפה של 5%) | B9: 0.1 | C9: 2 | D9: =B9*C9 -> 0.2 | E9: ספק מקומי עשוי לזכות גם עם ציון נמוך יותר.
A10: משאבים ולוח זמנים | B10: 0.05 | C10: 3 | D10: =B10*C10 -> 0.15 | E10: הגשה 28.10.2026.
A12: סה"כ (מתוך 5) | B12: =SUM(B4:B10) -> 1 | D12: =SUM(D4:D10) -> 2.9 | E12: =IF(C4<3,"לא להגיש – תנאי סף",IF(D12>=3.5,"להגיש",IF(D12>=2.75,"להגיש בתנאים – לפי תשובות ההבהרה","לא להגיש"))) -> להגיש בתנאים – לפי תשובות ההבהרה
A13: רווח צפוי ל-36 חודשים (מקושר) | D13: =תזרים!C2 -> 180151.48
A14: זוכה צפוי לפי ההנחות (מקושר) | D14: =IF('ניקוד ותחרות'!N5<>"","HOT","מתחרה") -> מתחרה
