Workbook

Sheet מקרא
A1: מודל כלכלי למכרזים – מכרז 11/2026 עיריית אופקים (מרכזיית טלפוניה)
A3: מטרה: לקבוע הצעת מחיר, לבדוק כדאיות ולהשוות מול מתחרים. המודל בנוי לשימוש חוזר – למכרז הבא מעדכנים את הסעיפים, הטווחים, המשקלים וההנחות.
A5: מוסכמות צבע:
A6: טקסט כחול = נתון קלט שמזינים ידנית (מחירים, כמויות, הצעות מתחרים).
A7: רקע צהוב = הנחת מפתח שצריך לאמת מול נתוני HOT בפועל (עלויות, הסתברויות).
A8: טקסט שחור = נוסחה. אין לשנות.
A9: טקסט ירוק = קישור מגיליון אחר.
A11: סדר עבודה מומלץ:
A12: 1. הנחות – לעדכן עלויות אמיתיות (ציוד, פלטפורמה, תמיכה, דקות). ערכי ברירת המחדל הם הערכות בלבד.
A13: 2. סעיפי מחיר – להזין את ההצעה שלנו והערכת הצעות המתחרים. עמודת "₪ לנקודה" מראה איפה הכי זול לקנות ניקוד.
A14: 3. תוספות – סעיפים שאינם בשקלול: אין להם השפעה על הניקוד, ולכן ברירת המחדל היא המחיר המרבי.
A15: 4. ניקוד ותחרות – להזין הערכת ציוני איכות. רואים מי מוביל ובכמה.
... A20: מחיר מחוץ לטווח מינימום–מקסימום פוסל את ההצעה (נספח ה', הנחיה 2). המודל מסמן זאת באדום.

Sheet הנחות
A1: הנחות עלות ותפעול
A3: הנחה | B3: ערך | C3: הסבר / מקור
A4: עלות ציוד ורישוי מרכזייה מקומית + Call Center מקומי (חד-פעמי) | B4: 25000 | C4: הערכה. לעדכן לפי הצעת יצרן/מפיץ.
A5: עלות הקמה, התקנה, הגדרות, ממשקים והדרכה (חד-פעמי) | B5: 15000 | C5: הערכה: כ-100 שעות עבודה. כולל ממשק CRM, AD ודוא"ל.
A6: עלות הכנת הצעה, הדגמה ומסמכים (חד-פעמי, גם אם מפסידים) | B6: 8000 | C6: הערכה: רכישת מסמכים 500 ₪ + זמן צוות + הדגמה של 120 דקות.
A7: מספר שלוחות | B7: 300 | C7: מפרט סעיף 2.3 ו-3.12.
A8: עלות פלטפורמת ענן לשלוחה לחודש (עלות שולית) | B8: 4 | C8: הערכה לעלות שולית פנימית. מחיר שוק לשלוחה הוא 20–80 ₪ (ראה מדדי שוק).
A9: עלות רישוי Call Center לחודש (30 עמדות, שני המוקדים) | B9: 600 | C9: הערכה. מחיר שוק לעמדת מוקד: 69–100 ₪ לחודש.
A10: עלות תמיכה, תחזוקה ו-SLA לחודש (כוח אדם) | B10: 1500 | C10: הערכה: מוקד, טכנאי, ניהול שינויים ללא תשלום (מפרט 6.4).
A11: דקות שיחה בחודש | B11: 40000 | C11: מפרט סעיף 2.6.
A12: עלות ממוצעת לדקה יוצאת | B12: 0.03 | C12: הערכה משוקללת נייח/סלולר. דמי קישוריות לסלולר הם כ-6 אג' לדקה (לא מאומת לשנת 2026). אם רוב הדקות On-Net – נמוך יותר.
A13: ערבויות, ביטוח (כולל הרחבת סייבר) ו-ISO – לשנה | B13: 3500 | C13: הערכה: עמלת ערבות ביצוע 20,000 ₪ + תוספת פרמיה.
A14: קנסות SLA צפויים לשנה | B14: 2000 | C14: הערכה. טבלת הקנסות במפרט עמ' 18.
A15: עלות טלפון בסיסי (8.1) | B15: 230 | C15: הערכה. מחיר קמעונאי בבריטניה ל-T33G: כ-£64 לפני מע"מ.
... A22: מקדם ניקוד מחיר | B22: 0.7 | C22: מסמך א' 10.2: הניקוד הסופי מוכפל ב-70%.
A24: נגזרות
A25: עלות שוטפת לחודש, ללא דקות | B25: =B7*B8+B9+B10+(B13+B14)/12 -> 3758.3333 | C25: פלטפורמה + רישוי מוקד + תמיכה + ערבויות/ביטוח/קנסות
A26: עלות דקות לחודש | B26: =B11*B12 -> 1200 | C26: דקות × עלות לדקה
A27: סיום התקשרות צפוי (חודש) | B27: =IF(B20>0,B20,36+12*B17) -> 60 | C27: אם אין סיום מוקדם: 36 חודשים + שנות אופציה

Sheet סעיפי מחיר
A1: סעיפי מחיר בשקלול (נספח ה')
B2: מקדם ניקוד: | C2: =הנחות!B22 -> 0.7
A4: # | B4: סעיף | C4: יחידה | D4: מחיר מינימום | E4: מחיר מקסימום | F4: משקל | G4: כמות ב-36 ח' | H4: כמות בשנות אופציה | I4: ההצעה שלנו | J4: העלות שלנו ליחידה | K4: מתחרה 1 | L4: מתחרה 2 | M4: מתחרה 3 | N4: ההצעה הנמוכה (A) | O4: בדיקת טווח | P4: ניקוד שלנו | Q4: ניקוד מתחרה 1 | R4: ניקוד מתחרה 2 | S4: ניקוד מתחרה 3 | T4: ₪ לנקודה אחת (על כל החוזה) | U4: הכנסה 36 ח' | V4: הכנסה אופציה | W4: עלות 36 ח' | X4: רווח 36 ח'
A5: 1 | B5: חבילה: מרכזייה מקומית + ענן + 2 מוקדים, כולל 36 ח' שירות | C5: קומפלט | D5: 100000 | E5: 122000 | F5: 65 | G5: 1 | H5: 0 | I5: 100000 | J5: =הנחות!B4+הנחות!B5+36*הנחות!B25 -> 175300 | K5: 100000 | L5: 100000 | M5: 100000 | N5: =MIN(I5,K5,L5,M5) -> 100000 | O5: =IF(OR(I5<D5,I5>E5),"פסול – מחוץ לטווח","תקין") -> תקין | P5: =IF(I5>0,F5*N5/I5*$C$2,0) -> 45.5 | Q5: =IF(K5>0,F5*N5/K5*$C$2,0) -> 45.5 | R5: =IF(L5>0,F5*N5/L5*$C$2,0) -> 45.5 | S5: =IF(M5>0,F5*N5/M5*$C$2,0) -> 45.5 | T5: =IF(F5*N5>0,(G5+H5)*I5^2/(F5*$C$2*N5),0) -> 2197.8022 | U5: =I5*G5 -> 100000 | V5: =I5*H5 -> 0 | W5: =J5*G5 -> 175300 | X5: =U5-W5 -> -75300
A6: 2 | B6: טלפון בסיסי (8.1) | C6: יחידה | D6: 250 | E6: 420 | F6: 3 | G6: 30 | H6: 0 | I6: 250 | J6: =הנחות!B15 -> 230 | K6: 250 | L6: 250 | M6: 250 | N6: =MIN(I6,K6,L6,M6) -> 250 | O6: =IF(OR(I6<D6,I6>E6),"פסול – מחוץ לטווח","תקין") -> תקין | P6: =IF(I6>0,F6*N6/I6*$C$2,0) -> 2.1 | Q6: =IF(K6>0,F6*N6/K6*$C$2,0) -> 2.1 | R6: =IF(L6>0,F6*N6/L6*$C$2,0) -> 2.1 | S6: =IF(M6>0,F6*N6/M6*$C$2,0) -> 2.1 | T6: =IF(F6*N6>0,(G6+H6)*I6^2/(F6*$C$2*N6),0) -> 3571.4286 | U6: =I6*G6 -> 7500 | V6: =I6*H6 -> 0 | W6: =J6*G6 -> 6900 | X6: =U6-W6 -> 600
A7: 3 | B7: טלפון מתקדם (8.2) | C7: יחידה | D7: 420 | E7: 500 | F7: 2 | G7: 10 | H7: 0 | I7: 420 | J7: =הנחות!B16 -> 450 | K7: 420 | L7: 420 | M7: 420 | N7: =MIN(I7,K7,L7,M7) -> 420 | O7: =IF(OR(I7<D7,I7>E7),"פסול – מחוץ לטווח","תקין") -> תקין | P7: =IF(I7>0,F7*N7/I7*$C$2,0) -> 1.4 | Q7: =IF(K7>0,F7*N7/K7*$C$2,0) -> 1.4 | R7: =IF(L7>0,F7*N7/L7*$C$2,0) -> 1.4 | S7: =IF(M7>0,F7*N7/M7*$C$2,0) -> 1.4 | T7: =IF(F7*N7>0,(G7+H7)*I7^2/(F7*$C$2*N7),0) -> 3000 | U7: =I7*G7 -> 4200 | V7: =I7*H7 -> 0 | W7: =J7*G7 -> 4500 | X7: =U7-W7 -> -300
A8: 4 | B8: שירות, תמיכה ואחריות משנה רביעית | C8: שנתי | D8: 20000 | E8: 23000 | F8: 15 | G8: 0 | H8: =הנחות!B17 -> 2 | I8: 20000 | J8: =12*הנחות!B25 -> 45100 | K8: 20000 | L8: 20000 | M8: 20000 | N8: =MIN(I8,K8,L8,M8) -> 20000 | O8: =IF(OR(I8<D8,I8>E8),"פסול – מחוץ לטווח","תקין") -> תקין | P8: =IF(I8>0,F8*N8/I8*$C$2,0) -> 10.5 | Q8: =IF(K8>0,F8*N8/K8*$C$2,0) -> 10.5 | R8: =IF(L8>0,F8*N8/L8*$C$2,0) -> 10.5 | S8: =IF(M8>0,F8*N8/M8*$C$2,0) -> 10.5 | T8: =IF(F8*N8>0,(G8+H8)*I8^2/(F8*$C$2*N8),0) -> 3809.5238 | U8: =I8*G8 -> 0 | V8: =I8*H8 -> 40000 | W8: =J8*G8 -> 0 | X8: =U8-W8 -> 0
A9: 5 | B9: בנק 40,000 דקות | C9: חודשי | D9: 1200 | E9: 2200 | F9: 15 | G9: 36 | H9: =12*הנחות!B17 -> 24 | I9: 1200 | J9: =הנחות!B26 -> 1200 | K9: 1200 | L9: 1200 | M9: 1200 | N9: =MIN(I9,K9,L9,M9) -> 1200 | O9: =IF(OR(I9<D9,I9>E9),"פסול – מחוץ לטווח","תקין") -> תקין | P9: =IF(I9>0,F9*N9/I9*$C$2,0) -> 10.5 | Q9: =IF(K9>0,F9*N9/K9*$C$2,0) -> 10.5 | R9: =IF(L9>0,F9*N9/L9*$C$2,0) -> 10.5 | S9: =IF(M9>0,F9*N9/M9*$C$2,0) -> 10.5 | T9: =IF(F9*N9>0,(G9+H9)*I9^2/(F9*$C$2*N9),0) -> 6857.1429 | U9: =I9*G9 -> 43200 | V9: =I9*H9 -> 28800 | W9: =J9*G9 -> 43200 | X9: =U9-W9 -> 0
B10: סה"כ | P10: =SUM(P5:P9) -> 70 | Q10: =SUM(Q5:Q9) -> 70 | R10: =SUM(R5:R9) -> 70 | S10: =SUM(S5:S9) -> 70 | U10: =SUM(U5:U9) -> 154900 | V10: =SUM(V5:V9) -> 68800 | W10: =SUM(W5:W9) -> 229900 | X10: =SUM(X5:X9) -> -75000
B12: פער ניקוד מחיר מרבי אפשרי (כל הסעיפים במינימום מול כל הסעיפים במקסימום) | P12: =SUMPRODUCT(F5:F9,1-D5:D9/E5:E9)*$C$2 -> 15.421211
B13: מחיר שלוחה לחודש שמגולם בסעיף 1 (ההצעה שלנו) | P13: =I5/36/הנחות!B7 -> 9.2592593
B14: מחיר לדקה שמגולם בסעיף 5 (ההצעה שלנו) | P14: =I9/הנחות!B11 -> 0.03

Sheet תוספות
A1: תוספות שאינן בשקלול (נספח ה', עמ' 57)
B2: אין להן השפעה על הניקוד – לכן ההמלצה היא המחיר המרבי. סעיף שלא ימולא יחייב בממוצע בין המינימום למקסימום.
A4: # | B4: סעיף | C4: מינימום | D4: מקסימום | E4: ההצעה שלנו | F4: העלות שלנו ליחידה | G4: כמות צפויה לחודש | H4: רווח חודשי צפוי | I4: בדיקת טווח
A5: 1 | B5: שלוחה בודדת ב-Call Center בענן | C5: 0 | D5: 45 | E5: =D5 -> 45 | F5: 15 | G5: 0 | H5: =(E5-F5)*G5 -> 0 | I5: =IF(OR(E5<C5,E5>D5),"פסול – מחוץ לטווח","תקין") -> תקין
A6: 2 | B6: טלפון מתקדם שני מסכים (8.3) | C6: 200 | D6: 780 | E6: =D6 -> 780 | F6: 600 | G6: 0.2 | H6: =(E6-F6)*G6 -> 36 | I6: =IF(OR(E6<C6,E6>D6),"פסול – מחוץ לטווח","תקין") -> תקין
A7: 3 | B7: מתאם FXS עם 2 יציאות | C7: 50 | D7: 350 | E7: =D7 -> 350 | F7: 120 | G7: 0.2 | H7: =(E7-F7)*G7 -> 46 | I7: =IF(OR(E7<C7,E7>D7),"פסול – מחוץ לטווח","תקין") -> תקין
A8: 4 | B8: מתאם FXS עם 4 יציאות | C8: 100 | D8: 600 | E8: =D8 -> 600 | F8: 200 | G8: 0.1 | H8: =(E8-F8)*G8 -> 40 | I8: =IF(OR(E8<C8,E8>D8),"פסול – מחוץ לטווח","תקין") -> תקין
A9: 5 | B9: ספק כוח לטלפון IP | C9: 20 | D9: 40 | E9: =D9 -> 40 | F9: 15 | G9: 0.5 | H9: =(E9-F9)*G9 -> 12.5 | I9: =IF(OR(E9<C9,E9>D9),"פסול – מחוץ לטווח","תקין") -> תקין
A10: 6 | B10: שעת טכנאי | C10: 250 | D10: 330 | E10: =D10 -> 330 | F10: 150 | G10: 2 | H10: =(E10-F10)*G10 -> 360 | I10: =IF(OR(E10<C10,E10>D10),"פסול – מחוץ לטווח","תקין") -> תקין
A11: 7 | B11: רישוי 10 שלוחות נוספות ל-Call Center בענן | C11: 300 | D11: 450 | E11: =D11 -> 450 | F11: 200 | G11: 0 | H11: =(E11-F11)*G11 -> 0 | I11: =IF(OR(E11<C11,E11>D11),"פסול – מחוץ לטווח","תקין") -> תקין
A12: 8 | B12: רישוי 10 שלוחות נוספות ל-Call Center מקומי | C12: 100 | D12: 150 | E12: =D12 -> 150 | F12: 100 | G12: 0 | H12: =(E12-F12)*G12 -> 0 | I12: =IF(OR(E12<C12,E12>D12),"פסול – מחוץ לטווח","תקין") -> תקין
A13: 9 | B13: חבילת 10,000 דקות נוספות לחודש | C13: 200 | D13: 350 | E13: =D13 -> 350 | F13: 300 | G13: 0 | H13: =(E13-F13)*G13 -> 0 | I13: =IF(OR(E13<C13,E13>D13),"פסול – מחוץ לטווח","תקין") -> תקין
A14: 10 | B14: שעת הקלטה באולפן | C14: 250 | D14: 330 | E14: =D14 -> 330 | F14: 150 | G14: 0.1 | H14: =(E14-F14)*G14 -> 18 | I14: =IF(OR(E14<C14,E14>D14),"פסול – מחוץ לטווח","תקין") -> תקין
B15: סה"כ רווח חודשי מתוספות | H15: =SUM(H5:H14) -> 512.5
B16: הערה: עלות הטלפון שני המסכים עשויה לעלות על המינימום (200 ₪) – לא להתקרב למינימום.

Sheet ניקוד ותחרות
A1: ניקוד כולל ותחרות
A3: מציע | B3: ניקוד מחיר (מתוך 70) | C3: איכות הפתרון (מתוך 20) | D3: מצגת (מתוך 10) | E3: סה"כ | F3: דירוג | G3: סף איכות 70% (14 נק') | H3: פער מול המוביל האחר
A4: HOT (אנחנו) | B4: ='סעיפי מחיר'!P10 -> 70 | C4: 16 | D4: 8 | E4: =B4+C4+D4 -> 94 | F4: =RANK(E4,$E$4:$E$7) -> 1 | G4: =IF(C4>=14,"עובר","בסיכון פסילה") -> עובר | H4: =E4-MAX(E5:E7) -> 2
A5: מתחרה 1 | B5: ='סעיפי מחיר'!Q10 -> 70 | C5: 15 | D5: 7 | E5: =B5+C5+D5 -> 92 | F5: =RANK(E5,$E$4:$E$7) -> 2 | G5: =IF(C5>=14,"עובר","בסיכון פסילה") -> עובר | H5: =E5-MAX(E4,E6:E7) -> -2
A6: מתחרה 2 | B6: ='סעיפי מחיר'!R10 -> 70 | C6: 14 | D6: 7 | E6: =B6+C6+D6 -> 91 | F6: =RANK(E6,$E$4:$E$7) -> 3 | G6: =IF(C6>=14,"עובר","בסיכון פסילה") -> עובר | H6: =E6-MAX(E4:E5,E7) -> -3
A7: מתחרה 3 | B7: ='סעיפי מחיר'!S10 -> 70 | C7: 12 | D7: 6 | E7: =B7+C7+D7 -> 88 | F7: =RANK(E7,$E$4:$E$7) -> 4 | G7: =IF(C7>=14,"עובר","בסיכון פסילה") -> בסיכון פסילה | H7: =E7-MAX(E4:E6) -> -6
A10: שווי נקודת ניקוד אחת
A11: בסעיף 1 (חבילה) | B11: ='סעיפי מחיר'!T5 -> 2197.8022 | C11: כלומר: נקודת איכות אחת שווה בערך הנחה כזו במחיר. השקעה בהדגמה ובמסמך המענה זולה בהרבה.
A12: בסעיף 5 (דקות, כל החוזה) | B12: ='סעיפי מחיר'!T9 -> 6857.1429

Sheet תזרים
A1: תזרים חודשי ורווחיות
A2: הכנסות 36 חודשים | C2: =SUM(C8:G44) -> 171637.5 | F2: רווח כל התקופה | H2: =SUM(K8:K92) -> -102962.5
A3: עלויות 36 חודשים | C3: =SUM(H8:J44) -> 236700 | F3: ערך נוכחי נקי (NPV) | H3: =K8+NPV(הנחות!B18/12,K9:K92) -> -80203.105
A4: רווח 36 חודשים | C4: =SUM(K8:K44) -> -65062.5 | F4: עלות חודשית מרבית לאיזון ב-36 ח' | H4: =(SUM(C8:G44)-SUM(H8:H44)-SUM(J8:J44))/36 -> 1951.0417 | J4: =IF(H4<הנחות!B25,"העלות השוטפת גבוהה מנקודת האיזון","תקין") -> העלות השוטפת גבוהה מנקודת האיזון
A5: הערה: באפשרות תשלום 2 ובסיום מוקדם, התשלומים שטרם שולמו אובדים (לפי נוסח ההסכם הנוכחי – ראו שאלת הבהרה 4). | F5: חשיפת מזומנים מרבית | H5: =MIN(L8:L92) -> -102962.5
A7: חודש | B7: פעיל | C7: הכנסה: סעיף 1 | D7: הכנסה: טלפונים | E7: הכנסה: דקות | F7: הכנסה: שירות שנה 4+ | G7: רווח: תוספות | H7: עלות חד-פעמית | I7: עלות שוטפת | J7: עלות דקות | K7: תזרים נטו | L7: מצטבר
A8: 0 | B8: =IF(A8<=הנחות!$B$27,1,0) -> 1 | C8: =IF(הנחות!$B$19=1,IF(A8=1,0.2*'סעיפי מחיר'!$I$5,0)+IF(A8=הנחות!$B$21,0.8*'סעיפי מחיר'!$I$5,0)*B8,IF(A8=1,0.2*'סעיפי מחיר'!$I$5,0)+IF(AND(A8>=הנחות!$B$21,A8<הנחות!$B$21+36),0.8*'סעיפי מחיר'!$I$5/36,0)*B8) -> 0 | D8: =IF(A8=1,'סעיפי מחיר'!$I$6*'סעיפי מחיר'!$G$6+'סעיפי מחיר'!$I$7*'סעיפי מחיר'!$G$7,0) -> 0 | E8: =IF(A8>=הנחות!$B$21,'סעיפי מחיר'!$I$9,0)*B8 -> 0 | F8: =IF(A8>36,'סעיפי מחיר'!$I$8/12,0)*B8 -> 0 | G8: =IF(A8>=הנחות!$B$21,תוספות!$H$15,0)*B8 -> 0 | H8: =IF(A8=0,הנחות!$B$6,0)+IF(A8=1,הנחות!$B$4+הנחות!$B$5+'סעיפי מחיר'!$J$6*'סעיפי מחיר'!$G$6+'סעיפי מחיר'!$J$7*'סעיפי מחיר'!$G$7,0) -> 8000 | I8: =IF(A8>=1,הנחות!$B$25,0)*B8 -> 0 | J8: =IF(A8>=הנחות!$B$21,הנחות!$B$26,0)*B8 -> 0 | K8: =C8+D8+E8+F8+G8-H8-I8-J8 -> -8000 | L8: =K8 -> -8000
A9: 1 | B9: =IF(A9<=הנחות!$B$27,1,0) -> 1 | C9: =IF(הנחות!$B$19=1,IF(A9=1,0.2*'סעיפי מחיר'!$I$5,0)+IF(A9=הנחות!$B$21,0.8*'סעיפי מחיר'!$I$5,0)*B9,IF(A9=1,0.2*'סעיפי מחיר'!$I$5,0)+IF(AND(A9>=הנחות!$B$21,A9<הנחות!$B$21+36),0.8*'סעיפי מחיר'!$I$5/36,0)*B9) -> 20000 | D9: =IF(A9=1,'סעיפי מחיר'!$I$6*'סעיפי מחיר'!$G$6+'סעיפי מחיר'!$I$7*'סעיפי מחיר'!$G$7,0) -> 11700 | E9: =IF(A9>=הנחות!$B$21,'סעיפי מחיר'!$I$9,0)*B9 -> 0 | F9: =IF(A9>36,'סעיפי מחיר'!$I$8/12,0)*B9 -> 0 | G9: =IF(A9>=הנחות!$B$21,תוספות!$H$15,0)*B9 -> 0 | H9: =IF(A9=0,הנחות!$B$6,0)+IF(A9=1,הנחות!$B$4+הנחות!$B$5+'סעיפי מחיר'!$J$6*'סעיפי מחיר'!$G$6+'סעיפי מחיר'!$J$7*'סעיפי מחיר'!$G$7,0) -> 51400 | I9: =IF(A9>=1,הנחות!$B$25,0)*B9 -> 3758.3333 | J9: =IF(A9>=הנחות!$B$21,הנחות!$B$26,0)*B9 -> 0 | K9: =C9+D9+E9+F9+G9-H9-I9-J9 -> -23458.333 | L9: =L8+K9 -> -31458.333
A10: 2 | B10: =IF(A10<=הנחות!$B$27,1,0) -> 1 | C10: =IF(הנחות!$B$19=1,IF(A10=1,0.2*'סעיפי מחיר'!$I$5,0)+IF(A10=הנחות!$B$21,0.8*'סעיפי מחיר'!$I$5,0)*B10,IF(A10=1,0.2*'סעיפי מחיר'!$I$5,0)+IF(AND(A10>=הנחות!$B$21,A10<הנחות!$B$21+36),0.8*'סעיפי מחיר'!$I$5/36,0)*B10) -> 80000 | D10: =IF(A10=1,'סעיפי מחיר'!$I$6*'סעיפי מחיר'!$G$6+'סעיפי מחיר'!$I$7*'סעיפי מחיר'!$G$7,0) -> 0 | E10: =IF(A10>=הנחות!$B$21,'סעיפי מחיר'!$I$9,0)*B10 -> 1200 | F10: =IF(A10>36,'סעיפי מחיר'!$I$8/12,0)*B10 -> 0 | G10: =IF(A10>=הנחות!$B$21,תוספות!$H$15,0)*B10 -> 512.5 | H10: =IF(A10=0,הנחות!$B$6,0)+IF(A10=1,הנחות!$B$4+הנחות!$B$5+'סעיפי מחיר'!$J$6*'סעיפי מחיר'!$G$6+'סעיפי מחיר'!$J$7*'סעיפי מחיר'!$G$7,0) -> 0 | I10: =IF(A10>=1,הנחות!$B$25,0)*B10 -> 3758.3333 | J10: =IF(A10>=הנחות!$B$21,הנחות!$B$26,0)*B10 -> 1200 | K10: =C10+D10+E10+F10+G10-H10-I10-J10 -> 76754.167 | L10: =L9+K10 -> 45295.833
A11: 3 | B11: =IF(A11<=הנחות!$B$27,1,0) -> 1 | C11: =IF(הנחות!$B$19=1,IF(A11=1,0.2*'סעיפי מחיר'!$I$5,0)+IF(A11=הנחות!$B$21,0.8*'סעיפי מחיר'!$I$5,0)*B11,IF(A11=1,0.2*'סעיפי מחיר'!$I$5,0)+IF(AND(A11>=הנחות!$B$21,A11<הנחות!$B$21+36),0.8*'סעיפי מחיר'!$I$5/36,0)*B11) -> 0 | D11: =IF(A11=1,'סעיפי מחיר'!$I$6*'סעיפי מחיר'!$G$6+'סעיפי מחיר'!$I$7*'סעיפי מחיר'!$G$7,0) -> 0 | E11: =IF(A11>=הנחות!$B$21,'סעיפי מחיר'!$I$9,0)*B11 -> 1200 | F11: =IF(A11>36,'סעיפי מחיר'!$I$8/12,0)*B11 -> 0 | G11: =IF(A11>=הנחות!$B$21,תוספות!$H$15,0)*B11 -> 512.5 | H11: =IF(A11=0,הנחות!$B$6,0)+IF(A11=1,הנחות!$B$4+הנחות!$B$5+'סעיפי מחיר'!$J$6*'סעיפי מחיר'!$G$6+'סעיפי מחיר'!$J$7*'סעיפי מחיר'!$G$7,0) -> 0 | I11: =IF(A11>=1,הנחות!$B$25,0)*B11 -> 3758.3333 | J11: =IF(A11>=הנחות!$B$21,הנחות!$B$26,0)*B11 -> 1200 | K11: =C11+D11+E11+F11+G11-H11-I11-J11 -> -3245.8333 | L11: =L10+K11 -> 42050
A12: 4 | B12: =IF(A12<=הנחות!$B$27,1,0) -> 1 | C12: =IF(הנחות!$B$19=1,IF(A12=1,0.2*'סעיפי מחיר'!$I$5,0)+IF(A12=הנחות!$B$21,0.8*'סעיפי מחיר'!$I$5,0)*B12,IF(A12=1,0.2*'סעיפי מחיר'!$I$5,0)+IF(AND(A12>=הנחות!$B$21,A12<הנחות!$B$21+36),0.8*'סעיפי מחיר'!$I$5/36,0)*B12) -> 0 | D12: =IF(A12=1,'סעיפי מחיר'!$I$6*'סעיפי מחיר'!$G$6+'סעיפי מחיר'!$I$7*'סעיפי מחיר'!$G$7,0) -> 0 | E12: =IF(A12>=הנחות!$B$21,'סעיפי מחיר'!$I$9,0)*B12 -> 1200 | F12: =IF(A12>36,'סעיפי מחיר'!$I$8/12,0)*B12 -> 0 | G12: =IF(A12>=הנחות!$B$21,תוספות!$H$15,0)*B12 -> 512.5 | H12: =IF(A12=0,הנחות!$B$6,0)+IF(A12=1,הנחות!$B$4+הנחות!$B$5+'סעיפי מחיר'!$J$6*'סעיפי מחיר'!$G$6+'סעיפי מחיר'!$J$7*'סעיפי מחיר'!$G$7,0) -> 0 | I12: =IF(A12>=1,הנחות!$B$25,0)*B12 -> 3758.3333 | J12: =IF(A12>=הנחות!$B$21,הנחות!$B$26,0)*B12 -> 1200 | K12: =C12+D12+E12+F12+G12-H12-I12-J12 -> -3245.8333 | L12: =L11+K12 -> 38804.167
A13: 5 | B13: =IF(A13<=הנחות!$B$27,1,0) -> 1 | C13: =IF(הנחות!$B$19=1,IF(A13=1,0.2*'סעיפי מחיר'!$I$5,0)+IF(A13=הנחות!$B$21,0.8*'סעיפי מחיר'!$I$5,0)*B13,IF(A13=1,0.2*'סעיפי מחיר'!$I$5,0)+IF(AND(A13>=הנחות!$B$21,A13<הנחות!$B$21+36),0.8*'סעיפי מחיר'!$I$5/36,0)*B13) -> 0 | D13: =IF(A13=1,'סעיפי מחיר'!$I$6*'סעיפי מחיר'!$G$6+'סעיפי מחיר'!$I$7*'סעיפי מחיר'!$G$7,0) -> 0 | E13: =IF(A13>=הנחות!$B$21,'סעיפי מחיר'!$I$9,0)*B13 -> 1200 | F13: =IF(A13>36,'סעיפי מחיר'!$I$8/12,0)*B13 -> 0 | G13: =IF(A13>=הנחות!$B$21,תוספות!$H$15,0)*B13 -> 512.5 | H13: =IF(A13=0,הנחות!$B$6,0)+IF(A13=1,הנחות!$B$4+הנחות!$B$5+'סעיפי מחיר'!$J$6*'סעיפי מחיר'!$G$6+'סעיפי מחיר'!$J$7*'סעיפי מחיר'!$G$7,0) -> 0 | I13: =IF(A13>=1,הנחות!$B$25,0)*B13 -> 3758.3333 | J13: =IF(A13>=הנחות!$B$21,הנחות!$B$26,0)*B13 -> 1200 | K13: =C13+D13+E13+F13+G13-H13-I13-J13 -> -3245.8333 | L13: =L12+K13 -> 35558.333
A14: 6 | B14: =IF(A14<=הנחות!$B$27,1,0) -> 1 | C14: =IF(הנחות!$B$19=1,IF(A14=1,0.2*'סעיפי מחיר'!$I$5,0)+IF(A14=הנחות!$B$21,0.8*'סעיפי מחיר'!$I$5,0)*B14,IF(A14=1,0.2*'סעיפי מחיר'!$I$5,0)+IF(AND(A14>=הנחות!$B$21,A14<הנחות!$B$21+36),0.8*'סעיפי מחיר'!$I$5/36,0)*B14) -> 0 | D14: =IF(A14=1,'סעיפי מחיר'!$I$6*'סעיפי מחיר'!$G$6+'סעיפי מחיר'!$I$7*'סעיפי מחיר'!$G$7,0) -> 0 | E14: =IF(A14>=הנחות!$B$21,'סעיפי מחיר'!$I$9,0)*B14 -> 1200 | F14: =IF(A14>36,'סעיפי מחיר'!$I$8/12,0)*B14 -> 0 | G14: =IF(A14>=הנחות!$B$21,תוספות!$H$15,0)*B14 -> 512.5 | H14: =IF(A14=0,הנחות!$B$6,0)+IF(A14=1,הנחות!$B$4+הנחות!$B$5+'סעיפי מחיר'!$J$6*'סעיפי מחיר'!$G$6+'סעיפי מחיר'!$J$7*'סעיפי מחיר'!$G$7,0) -> 0 | I14: =IF(A14>=1,הנחות!$B$25,0)*B14 -> 3758.3333 | J14: =IF(A14>=הנחות!$B$21,הנחות!$B$26,0)*B14 -> 1200 | K14: =C14+D14+E14+F14+G14-H14-I14-J14 -> -3245.8333 | L14: =L13+K14 -> 32312.5
A15: 7 | B15: =IF(A15<=הנחות!$B$27,1,0) -> 1 | C15: =IF(הנחות!$B$19=1,IF(A15=1,0.2*'סעיפי מחיר'!$I$5,0)+IF(A15=הנחות!$B$21,0.8*'סעיפי מחיר'!$I$5,0)*B15,IF(A15=1,0.2*'סעיפי מחיר'!$I$5,0)+IF(AND(A15>=הנחות!$B$21,A15<הנחות!$B$21+36),0.8*'סעיפי מחיר'!$I$5/36,0)*B15) -> 0 | D15: =IF(A15=1,'סעיפי מחיר'!$I$6*'סעיפי מחיר'!$G$6+'סעיפי מחיר'!$I$7*'סעיפי מחיר'!$G$7,0) -> 0 | E15: =IF(A15>=הנחות!$B$21,'סעיפי מחיר'!$I$9,0)*B15 -> 1200 | F15: =IF(A15>36,'סעיפי מחיר'!$I$8/12,0)*B15 -> 0 | G15: =IF(A15>=הנחות!$B$21,תוספות!$H$15,0)*B15 -> 512.5 | H15: =IF(A15=0,הנחות!$B$6,0)+IF(A15=1,הנחות!$B$4+הנחות!$B$5+'סעיפי מחיר'!$J$6*'סעיפי מחיר'!$G$6+'סעיפי מחיר'!$J$7*'סעיפי מחיר'!$G$7,0) -> 0 | I15: =IF(A15>=1,הנחות!$B$25,0)*B15 -> 3758.3333 | J15: =IF(A15>=הנחות!$B$21,הנחות!$B$26,0)*B15 -> 1200 | K15: =C15+D15+E15+F15+G15-H15-I15-J15 -> -3245.8333 | L15: =L14+K15 -> 29066.667
A16: 8 | B16: =IF(A16<=הנחות!$B$27,1,0) -> 1 | C16: =IF(הנחות!$B$19=1,IF(A16=1,0.2*'סעיפי מחיר'!$I$5,0)+IF(A16=הנחות!$B$21,0.8*'סעיפי מחיר'!$I$5,0)*B16,IF(A16=1,0.2*'סעיפי מחיר'!$I$5,0)+IF(AND(A16>=הנחות!$B$21,A16<הנחות!$B$21+36),0.8*'סעיפי מחיר'!$I$5/36,0)*B16) -> 0 | D16: =IF(A16=1,'סעיפי מחיר'!$I$6*'סעיפי מחיר'!$G$6+'סעיפי מחיר'!$I$7*'סעיפי מחיר'!$G$7,0) -> 0 | E16: =IF(A16>=הנחות!$B$21,'סעיפי מחיר'!$I$9,0)*B16 -> 1200 | F16: =IF(A16>36,'סעיפי מחיר'!$I$8/12,0)*B16 -> 0 | G16: =IF(A16>=הנחות!$B$21,תוספות!$H$15,0)*B16 -> 512.5 | H16: =IF(A16=0,הנחות!$B$6,0)+IF(A16=1,הנחות!$B$4+הנחות!$B$5+'סעיפי מחיר'!$J$6*'סעיפי מחיר'!$G$6+'סעיפי מחיר'!$J$7*'סעיפי מחיר'!$G$7,0) -> 0 | I16: =IF(A16>=1,הנחות!$B$25,0)*B16 -> 3758.3333 | J16: =IF(A16>=הנחות!$B$21,הנחות!$B$26,0)*B16 -> 1200 | K16: =C16+D16+E16+F16+G16-H16-I16-J16 -> -3245.8333 | L16: =L15+K16 -> 25820.833
A17: 9 | B17: =IF(A17<=הנחות!$B$27,1,0) -> 1 | C17: =IF(הנחות!$B$19=1,IF(A17=1,0.2*'סעיפי מחיר'!$I$5,0)+IF(A17=הנחות!$B$21,0.8*'סעיפי מחיר'!$I$5,0)*B17,IF(A17=1,0.2*'סעיפי מחיר'!$I$5,0)+IF(AND(A17>=הנחות!$B$21,A17<הנחות!$B$21+36),0.8*'סעיפי מחיר'!$I$5/36,0)*B17) -> 0 | D17: =IF(A17=1,'סעיפי מחיר'!$I$6*'סעיפי מחיר'!$G$6+'סעיפי מחיר'!$I$7*'סעיפי מחיר'!$G$7,0) -> 0 | E17: =IF(A17>=הנחות!$B$21,'סעיפי מחיר'!$I$9,0)*B17 -> 1200 | F17: =IF(A17>36,'סעיפי מחיר'!$I$8/12,0)*B17 -> 0 | G17: =IF(A17>=הנחות!$B$21,תוספות!$H$15,0)*B17 -> 512.5 | H17: =IF(A17=0,הנחות!$B$6,0)+IF(A17=1,הנחות!$B$4+הנחות!$B$5+'סעיפי מחיר'!$J$6*'סעיפי מחיר'!$G$6+'סעיפי מחיר'!$J$7*'סעיפי מחיר'!$G$7,0) -> 0 | I17: =IF(A17>=1,הנחות!$B$25,0)*B17 -> 3758.3333 | J17: =IF(A17>=הנחות!$B$21,הנחות!$B$26,0)*B17 -> 1200 | K17: =C17+D17+E17+F17+G17-H17-I17-J17 -> -3245.8333 | L17: =L16+K17 -> 22575
A18: 10 | B18: =IF(A18<=הנחות!$B$27,1,0) -> 1 | C18: =IF(הנחות!$B$19=1,IF(A18=1,0.2*'סעיפי מחיר'!$I$5,0)+IF(A18=הנחות!$B$21,0.8*'סעיפי מחיר'!$I$5,0)*B18,IF(A18=1,0.2*'סעיפי מחיר'!$I$5,0)+IF(AND(A18>=הנחות!$B$21,A18<הנחות!$B$21+36),0.8*'סעיפי מחיר'!$I$5/36,0)*B18) -> 0 | D18: =IF(A18=1,'סעיפי מחיר'!$I$6*'סעיפי מחיר'!$G$6+'סעיפי מחיר'!$I$7*'סעיפי מחיר'!$G$7,0) -> 0 | E18: =IF(A18>=הנחות!$B$21,'סעיפי מחיר'!$I$9,0)*B18 -> 1200 | F18: =IF(A18>36,'סעיפי מחיר'!$I$8/12,0)*B18 -> 0 | G18: =IF(A18>=הנחות!$B$21,תוספות!$H$15,0)*B18 -> 512.5 | H18: =IF(A18=0,הנחות!$B$6,0)+IF(A18=1,הנחות!$B$4+הנחות!$B$5+'סעיפי מחיר'!$J$6*'סעיפי מחיר'!$G$6+'סעיפי מחיר'!$J$7*'סעיפי מחיר'!$G$7,0) -> 0 | I18: =IF(A18>=1,הנחות!$B$25,0)*B18 -> 3758.3333 | J18: =IF(A18>=הנחות!$B$21,הנחות!$B$26,0)*B18 -> 1200 | K18: =C18+D18+E18+F18+G18-H18-I18-J18 -> -3245.8333 | L18: =L17+K18 -> 19329.167
A19: 11 | B19: =IF(A19<=הנחות!$B$27,1,0) -> 1 | C19: =IF(הנחות!$B$19=1,IF(A19=1,0.2*'סעיפי מחיר'!$I$5,0)+IF(A19=הנחות!$B$21,0.8*'סעיפי מחיר'!$I$5,0)*B19,IF(A19=1,0.2*'סעיפי מחיר'!$I$5,0)+IF(AND(A19>=הנחות!$B$21,A19<הנחות!$B$21+36),0.8*'סעיפי מחיר'!$I$5/36,0)*B19) -> 0 | D19: =IF(A19=1,'סעיפי מחיר'!$I$6*'סעיפי מחיר'!$G$6+'סעיפי מחיר'!$I$7*'סעיפי מחיר'!$G$7,0) -> 0 | E19: =IF(A19>=הנחות!$B$21,'סעיפי מחיר'!$I$9,0)*B19 -> 1200 | F19: =IF(A19>36,'סעיפי מחיר'!$I$8/12,0)*B19 -> 0 | G19: =IF(A19>=הנחות!$B$21,תוספות!$H$15,0)*B19 -> 512.5 | H19: =IF(A19=0,הנחות!$B$6,0)+IF(A19=1,הנחות!$B$4+הנחות!$B$5+'סעיפי מחיר'!$J$6*'סעיפי מחיר'!$G$6+'סעיפי מחיר'!$J$7*'סעיפי מחיר'!$G$7,0) -> 0 | I19: =IF(A19>=1,הנחות!$B$25,0)*B19 -> 3758.3333 | J19: =IF(A19>=הנחות!$B$21,הנחות!$B$26,0)*B19 -> 1200 | K19: =C19+D19+E19+F19+G19-H19-I19-J19 -> -3245.8333 | L19: =L18+K19 -> 16083.333
A20: 12 | B20: =IF(A20<=הנחות!$B$27,1,0) -> 1 | C20: =IF(הנחות!$B$19=1,IF(A20=1,0.2*'סעיפי מחיר'!$I$5,0)+IF(A20=הנחות!$B$21,0.8*'סעיפי מחיר'!$I$5,0)*B20,IF(A20=1,0.2*'סעיפי מחיר'!$I$5,0)+IF(AND(A20>=הנחות!$B$21,A20<הנחות!$B$21+36),0.8*'סעיפי מחיר'!$I$5/36,0)*B20) -> 0 | D20: =IF(A20=1,'סעיפי מחיר'!$I$6*'סעיפי מחיר'!$G$6+'סעיפי מחיר'!$I$7*'סעיפי מחיר'!$G$7,0) -> 0 | E20: =IF(A20>=הנחות!$B$21,'סעיפי מחיר'!$I$9,0)*B20 -> 1200 | F20: =IF(A20>36,'סעיפי מחיר'!$I$8/12,0)*B20 -> 0 | G20: =IF(A20>=הנחות!$B$21,תוספות!$H$15,0)*B20 -> 512.5 | H20: =IF(A20=0,הנחות!$B$6,0)+IF(A20=1,הנחות!$B$4+הנחות!$B$5+'סעיפי מחיר'!$J$6*'סעיפי מחיר'!$G$6+'סעיפי מחיר'!$J$7*'סעיפי מחיר'!$G$7,0) -> 0 | I20: =IF(A20>=1,הנחות!$B$25,0)*B20 -> 3758.3333 | J20: =IF(A20>=הנחות!$B$21,הנחות!$B$26,0)*B20 -> 1200 | K20: =C20+D20+E20+F20+G20-H20-I20-J20 -> -3245.8333 | L20: =L19+K20 -> 12837.5
... A92: 84 | B92: =IF(A92<=הנחות!$B$27,1,0) -> 0 | C92: =IF(הנחות!$B$19=1,IF(A92=1,0.2*'סעיפי מחיר'!$I$5,0)+IF(A92=הנחות!$B$21,0.8*'סעיפי מחיר'!$I$5,0)*B92,IF(A92=1,0.2*'סעיפי מחיר'!$I$5,0)+IF(AND(A92>=הנחות!$B$21,A92<הנחות!$B$21+36),0.8*'סעיפי מחיר'!$I$5/36,0)*B92) -> 0 | D92: =IF(A92=1,'סעיפי מחיר'!$I$6*'סעיפי מחיר'!$G$6+'סעיפי מחיר'!$I$7*'סעיפי מחיר'!$G$7,0) -> 0 | E92: =IF(A92>=הנחות!$B$21,'סעיפי מחיר'!$I$9,0)*B92 -> 0 | F92: =IF(A92>36,'סעיפי מחיר'!$I$8/12,0)*B92 -> 0 | G92: =IF(A92>=הנחות!$B$21,תוספות!$H$15,0)*B92 -> 0 | H92: =IF(A92=0,הנחות!$B$6,0)+IF(A92=1,הנחות!$B$4+הנחות!$B$5+'סעיפי מחיר'!$J$6*'סעיפי מחיר'!$G$6+'סעיפי מחיר'!$J$7*'סעיפי מחיר'!$G$7,0) -> 0 | I92: =IF(A92>=1,הנחות!$B$25,0)*B92 -> 0 | J92: =IF(A92>=הנחות!$B$21,הנחות!$B$26,0)*B92 -> 0 | K92: =C92+D92+E92+F92+G92-H92-I92-J92 -> 0 | L92: =L91+K92 -> -102962.5

Sheet מדדי שוק
A1: מדדי שוק (מחקר רשת, אוקטובר 2026)
A3: מדד | B3: ערך | C3: הערה / אמינות | D3: מקור
A4: מרכזייה בענן – מחיר לשלוחה לחודש (שוק SMB) | B4: 20–80 ₪ לפני מע"מ | C4: מדריך השוואה שיווקי. לפי אותו מקור רוב המרכזיות עד 25 ₪. | D4: https://www.xn----9hcbbmdejomb6a2c8b8a.org.il/cloud-pbx/
A5: Voipe – משתמש בסיסי / משתמש Call Center | B5: 39 ₪ / 69 ₪ לחודש | C5: מחירון ספק, חיוב שנתי, מינימום 5 משתמשים. | D5: https://voipe.co.il/pbx
A6: בזק עסקים IP Centrex | B6: 26.90–37 ₪ לשלוחה | C6: לפי מדריך השוואה; לא אומת מול מחירון בזק. | D6: https://www.xn----9hcbbmdejomb6a2c8b8a.org.il/cloud-pbx/
A7: עמדת Call Center מתקדמת (CRM/AI) | B7: עד כ-100–180 ₪ לחודש | C7: מדריכי השוואה; טווח רחב. | D7: https://www.teleco.co.il/%D7%9E%D7%A8%D7%9B%D7%96%D7%99%D7%95%D7%AA-%D7%91%D7%A2%D7%A0%D7%9F/
A8: Yealink T33G (בסיסי) | B8: כ-£64 לפני מע"מ (בריטניה) | C8: מחיר קמעונאי בחו"ל; מחיר מפיץ בישראל לא נמצא. | D8: https://www.netxl.com/desktop-voip-phones/yealink-t33g-sip-entry-level-desk-phone-with-no-psu-included
A9: Yealink T46U (מתקדם) | B9: כ-£134 לפני מע"מ (בריטניה) | C9: מחיר קמעונאי בחו"ל. ייתכן שהמחיר המרבי במכרז (500 ₪) נמוך מהעלות. | D9: https://www.provu.co.uk/yealink-t46u.html
A10: דמי קישוריות גומלין לסלולר | B10: כ-6 אג' לדקה | C10: מתווה הביטול נעצר לפי דיווחים; התעריף העדכני לא אומת. | D10: https://www.calcalist.co.il/local_news/article/hy7p11dsp2
A11: הצעה גרעונית – עמדת הפסיקה | B11: לא נפסלת אוטומטית | C11: עע"מ 3499/08 רון עבודות נ' ועדת המכרזים עפולה; הצעה תכסיסנית – נפסלת. | D11: https://www.duns100.co.il/articles/לא_כל_מספר_זוכה__על_הצעה_הפסדית_והצעה_תכסיסנית_במכרז_הציבורי
A12: מחיר שלוחה לחודש שמגולם בסעיף 1 באופקים | B12: ='סעיפי מחיר'!P13 -> 9.2592593 | C12: חישוב: מחיר החבילה ÷ 36 ÷ 300. כולל גם חומרה מקומית ושני מוקדים. | D12: חישוב פנימי
A13: תוצאות מכרזי טלפוניה עירוניים קודמים | B13: לא נמצאו מחירים פומביים | C13: פרוטוקולי ועדות (למשל רמלה 15/16) אינם מפרסמים סכומים. מומלץ לבקש עיון במסמכי הזוכה. | D13: https://www.ramle.org.il/uploads/n/1614840111.5536.pdf

Sheet החלטת הגשה
A1: כרטיס החלטה: להגיש / לא להגיש
A3: קריטריון | B3: משקל | C3: ציון (1–5) | D3: ציון משוקלל | E3: הערה
A4: עמידה בכל תנאי הסף (כולל 3 לקוחות × 50 שלוחות אנלוגיות) | B4: 0.2 | C4: 3 | D4: =B4*C4 -> 0.6 | E4: אם לא עומדים – לא מגישים, בלי קשר לשאר.
A5: רווחיות צפויה (גיליון תזרים) | B5: 0.2 | C5: 2 | D5: =B5*C5 -> 0.4 | E5: בהנחות ברירת המחדל הרווח שלילי – לעדכן עלויות.
A6: ערך אסטרטגי ואפסייל (קישוריות, סלולר, בתי ספר) | B6: 0.15 | C6: 4 | D6: =B6*C6 -> 0.6 | E6: שלוחות SIM/eSIM ובתי ספר – הזדמנות ל-HOT.
A7: סיכון חוזי (קנסות, סיום מוקדם, אחריות ללא תקרה) | B7: 0.15 | C7: 2 | D7: =B7*C7 -> 0.3 | E7: תלוי בתשובות להבהרות 2–4.
A8: יכולת הדגמה חיה ואיכות פתרון (30 נק') | B8: 0.15 | C8: 4 | D8: =B8*C8 -> 0.6 | E8: 30 נקודות איכות מול פער מחיר מרבי של כ-15 נקודות.
A9: עוצמת התחרות והספק המכהן | B9: 0.1 | C9: 3 | D9: =B9*C9 -> 0.3 | E9: הספק הקיים (SAR) מכיר את הלקוח.
A10: זמינות צוות ומשאבים בלוח הזמנים | B10: 0.05 | C10: 3 | D10: =B10*C10 -> 0.15 | E10: הגשה 03/11, הקמה תוך 30 יום.
A12: סה"כ (מתוך 5) | B12: =SUM(B4:B10) -> 1 | D12: =SUM(D4:D10) -> 2.95 | E12: =IF(C4<3,"לא להגיש – תנאי סף",IF(D12>=3.5,"להגיש",IF(D12>=2.75,"להגיש בתנאים – לפי תשובות ההבהרה","לא להגיש"))) -> להגיש בתנאים – לפי תשובות ההבהרה
A13: רווח צפוי ל-36 חודשים (מקושר) | D13: =תזרים!C4 -> -65062.5
