Workbook

Sheet מקרא
A1: מודל כלכלי – מכרז עירייה: קווי תקשורת, Fortinet ומרכזייה בענן (שם המכרז לא ידוע)
A3: המודל מבוסס על כתב הכמויות בלבד. חסרים מחוברת המכרז: שיטת הניקוד, תקופת ההתקשרות, תנאי תשלום, הצמדה ותנאי סף. כשהחוברת תגיע – לעדכן את גיליון "הנחות".
A5: מוסכמות: כחול = קלט. צהוב = הנחה לאמת מול HOT. שחור = נוסחה. ירוק = קישור מגיליון אחר. אדום = רכיב מפסיד או שגיאה בטופס.
A7: גיליונות:
A8: הנחות – תקופה, הנחה לכל קטגוריה, פיגור תשלום, היוון, האם הספק המכהן מגיש.
A9: כתב כמויות – 29 הסעיפים, מחיר מרבי, ההצעה שלנו, עלות, מרווח, וחלוקה לחודשי / חד-פעמי.
A10: סיכום והשוואה – סך ההצעה לפי שני בסיסי השוואה אפשריים, ורווחיות לפי קטגוריה.
A11: תזרים – 60 חודשים: חומרה ועבודה מראש, הכנסה חודשית, NPV וחשיפה מרבית.
A12: שגיאות בטופס – ליקויים בכתב הכמויות שמשפיעים על ההשוואה (בסיס לשאלות ההבהרה).

Sheet הנחות
A1: הנחות
A3: הנחה | B3: ערך | C3: הסבר
A4: תקופת ההתקשרות הבסיסית (חודשים) | B4: 36 | C4: לא ידוע – הערות הטופס מזכירות תמיכה ל-3 שנים וסעיף 9 "החל משנה רביעית".
A5: חודשי אופציה צפויים (מעבר לבסיס) | B5: 0 | C5: לא ידוע. סעיף 9 (תחזוקה 2,000 ₪) מתחיל רק בשנה הרביעית.
A6: הנחה על קווי תקשורת (סעיפים 10–22) | B6: 0 | C6: ליבת HOT – המקום לתחרות.
A7: הנחה על מרכזייה בענן (סעיף 4) | B7: 0
A8: הנחה על רישוי Fortinet SaaS (סעיפים 1–3) | B8: 0 | C8: מחיר יצרן – מרווח מוגבל.
A9: הנחה על חומרה (סעיפים 23–28) | B9: 0 | C9: מחיר יצרן צמוד דולר.
A10: הנחה על שעות עבודה (סעיפים 5–8, 29) | B10: 0
A11: הנחה על תחזוקה משנה רביעית (סעיף 9) | B11: 0
A12: הספק המכהן מגיש הצעה? (1 = כן, 0 = לא) | B12: 1 | C12: לפי הערות הטופס: אם כן – סעיף 7 לא נכלל בהשוואה, ומכסת השעות שלו יורדת ל-10.
A13: פיגור תשלום (חודשים) | B13: 2 | C13: לא ידוע – הנחה (שוטף + 45 ועוד אישור).
A14: שיעור היוון שנתי | B14: 0.08
A15: חודש התקנת ציוד וקווים (תחילת חיוב חודשי) | B15: 2 | C15: הנחה.
A16: עלות שעת עבודה פנימית | B16: 160 | C16: הערכה – לאמת.
A18: נגזרות
A19: סה"כ חודשי התקשרות | B19: =B4+B5 -> 36
A20: חודשים עם תחזוקה משנה רביעית (סעיף 9) | B20: =MAX(0,B19-36) -> 0

Sheet כתב כמויות
A1: כתב כמויות – מחירים מרביים, ההצעה שלנו ועלויות
A3: # | B3: רכיב | C3: קטגוריה | D3: סוג תשלום | E3: כמות | F3: מחיר מרבי ליחידה | G3: המחיר שלנו ליחידה | H3: עלות שלנו ליחידה | I3: סה"כ מרבי | J3: סה"כ שלנו | K3: סה"כ עלות | L3: מרווח | M3: הערת עלות (הערכה – לאמת)
A4: 1 | B4: FortiNAC Cloud SaaS ל-400 התקנים | C4: Fortinet SaaS | D4: חודשי | E4: 1 | F4: 1700 | G4: =F4*(1-הנחות!B8) -> 1700 | H4: 1300 | I4: =E4*F4 -> 1700 | J4: =E4*G4 -> 1700 | K4: =E4*H4 -> 1300 | L4: =IF(G4>0,(G4-H4)/G4,0) -> 0.23529412 | M4: ~75% ממחיר מרבי.
A5: 2 | B5: FortiAnalyzer Cloud SaaS (NTA/NPM), שמירה 24 ח', FortiCare | C5: Fortinet SaaS | D5: חודשי | E5: 1 | F5: 1900 | G5: =F5*(1-הנחות!B8) -> 1900 | H5: 1450 | I5: =E5*F5 -> 1900 | J5: =E5*G5 -> 1900 | K5: =E5*H5 -> 1450 | L5: =IF(G5>0,(G5-H5)/G5,0) -> 0.23684211
A6: 3 | B6: FortiManager Cloud SaaS (NCM) עד 50 התקנים, FortiCare | C6: Fortinet SaaS | D6: חודשי | E6: 1 | F6: 1500 | G6: =F6*(1-הנחות!B8) -> 1500 | H6: 1150 | I6: =E6*F6 -> 1500 | J6: =E6*G6 -> 1500 | K6: =E6*H6 -> 1150 | L6: =IF(G6>0,(G6-H6)/G6,0) -> 0.23333333
A7: 4 | B7: מרכזייה בענן + DR, 200 שלוחות, SIP trunk, טווח מספרים, Call Center, 10,000 דקות, 2037* | C7: מרכזייה | D7: חודשי | E7: 1 | F7: 3500 | G7: =F7*(1-הנחות!B7) -> 3500 | H7: 1900 | I7: =E7*F7 -> 3500 | J7: =E7*G7 -> 3500 | K7: =E7*H7 -> 1900 | L7: =IF(G7>0,(G7-H7)/G7,0) -> 0.45714286 | M7: פלטפורמת HOT: 200 × ~6 ₪ + דקות + DR. עלות 2037* לא ידועה.
A8: 5 | B8: הקמת מערך FortiNAC (מכסת שעות) | C8: שעות עבודה | D8: חד-פעמי | E8: 50 | F8: 250 | G8: =F8*(1-הנחות!B10) -> 250 | H8: =הנחות!B16 -> 160 | I8: =E8*F8 -> 12500 | J8: =E8*G8 -> 12500 | K8: =E8*H8 -> 8000 | L8: =IF(G8>0,(G8-H8)/G8,0) -> 0.36
A9: 6 | B9: הקמת מערך ניהול רשת (FortiAnalyzer & FortiManager) | C9: שעות עבודה | D9: חד-פעמי | E9: 60 | F9: 250 | G9: =F9*(1-הנחות!B10) -> 250 | H9: =הנחות!B16 -> 160 | I9: =E9*F9 -> 15000 | J9: =E9*G9 -> 15000 | K9: =E9*H9 -> 9600 | L9: =IF(G9>0,(G9-H9)/G9,0) -> 0.36
A10: 7 | B10: הקמת מרכזייה Hosted IPT (מכסת שעות) | C10: שעות עבודה | D10: חד-פעמי | E10: 50 | F10: 220 | G10: =F10*(1-הנחות!B10) -> 220 | H10: =הנחות!B16 -> 160 | I10: =E10*F10 -> 11000 | J10: =E10*G10 -> 11000 | K10: =E10*H10 -> 8000 | L10: =IF(G10>0,(G10-H10)/G10,0) -> 0.27272727 | M10: לא נכלל בהשוואה אם המכהן מגיש.
A11: 8 | B11: הגדרת FortiGate, מתגים ורשתות אלחוטיות | C11: שעות עבודה | D11: חד-פעמי | E11: 85 | F11: 220 | G11: =F11*(1-הנחות!B10) -> 220 | H11: =הנחות!B16 -> 160 | I11: =E11*F11 -> 18700 | J11: =E11*G11 -> 18700 | K11: =E11*H11 -> 13600 | L11: =IF(G11>0,(G11-H11)/G11,0) -> 0.27272727
A12: 9 | B12: תחזוקת רשת פנימית (מתגים, AP, מחשבים) – משנה רביעית | C12: תחזוקה | D12: חודשי משנה 4 | E12: 1 | F12: 2000 | G12: =F12*(1-הנחות!B11) -> 2000 | H12: 1400 | I12: =E12*F12 -> 2000 | J12: =E12*G12 -> 2000 | K12: =E12*H12 -> 1400 | L12: =IF(G12>0,(G12-H12)/G12,0) -> 0.3
A13: 10 | B13: קו IP/מטרו 200M + אינטרנט + IP | C13: קווים | D13: חודשי | E13: 1 | F13: 1850 | G13: =F13*(1-הנחות!B6) -> 1850 | H13: 750 | I13: =E13*F13 -> 1850 | J13: =E13*G13 -> 1850 | K13: =E13*H13 -> 750 | L13: =IF(G13>0,(G13-H13)/G13,0) -> 0.59459459 | M13: עלות On-Net – הערכה.
A14: 11 | B14: קו IP/מטרו 150M + אינטרנט + IP | C14: קווים | D14: חודשי | E14: 6 | F14: 1400 | G14: =F14*(1-הנחות!B6) -> 1400 | H14: 600 | I14: =E14*F14 -> 8400 | J14: =E14*G14 -> 8400 | K14: =E14*H14 -> 3600 | L14: =IF(G14>0,(G14-H14)/G14,0) -> 0.57142857
A15: 12 | B15: קו IP/מטרו 300/150M + אינטרנט + IP | C15: קווים | D15: חודשי | E15: 1 | F15: 1600 | G15: =F15*(1-הנחות!B6) -> 1600 | H15: 650 | I15: =E15*F15 -> 1600 | J15: =E15*G15 -> 1600 | K15: =E15*H15 -> 650 | L15: =IF(G15>0,(G15-H15)/G15,0) -> 0.59375 | M15: זול מ-200M (סעיף 10) – חריג.
A16: 13 | B16: קו אינטרנט על סיב 500/100M + IP (IPVPN) | C16: קווים | D16: חודשי | E16: 24 | F16: 240 | G16: =F16*(1-הנחות!B6) -> 240 | H16: 120 | I16: =E16*F16 -> 5760 | J16: =E16*G16 -> 5760 | K16: =E16*H16 -> 2880 | L16: =IF(G16>0,(G16-H16)/G16,0) -> 0.5
A17: 14 | B17: קו IPVPN GPON 500/500M + ניהול ציוד + חיבור טלפון | C17: קווים | D17: חודשי | E17: 24 | F17: 300 | G17: =F17*(1-הנחות!B6) -> 300 | H17: 170 | I17: =E17*F17 -> 7200 | J17: =E17*G17 -> 7200 | K17: =E17*H17 -> 4080 | L17: =IF(G17>0,(G17-H17)/G17,0) -> 0.43333333 | M17: בטופס המקורי הסעיף לא נסכם!
A18: 15 | B18: קו P2P 150M | C18: קווים | D18: חודשי | E18: 1 | F18: 1400 | G18: =F18*(1-הנחות!B6) -> 1400 | H18: 600 | I18: =E18*F18 -> 1400 | J18: =E18*G18 -> 1400 | K18: =E18*H18 -> 600 | L18: =IF(G18>0,(G18-H18)/G18,0) -> 0.57142857
A19: 16 | B19: קו P2P 200M | C19: קווים | D19: חודשי | E19: 1 | F19: 1850 | G19: =F19*(1-הנחות!B6) -> 1850 | H19: 700 | I19: =E19*F19 -> 1850 | J19: =E19*G19 -> 1850 | K19: =E19*H19 -> 700 | L19: =IF(G19>0,(G19-H19)/G19,0) -> 0.62162162
A20: 17 | B20: קו תמסורת ייעודי 1G לאתר ראשי + ניטור | C20: קווים | D20: חודשי | E20: 1 | F20: 2000 | G20: =F20*(1-הנחות!B6) -> 2000 | H20: 900 | I20: =E20*F20 -> 2000 | J20: =E20*G20 -> 2000 | K20: =E20*H20 -> 900 | L20: =IF(G20>0,(G20-H20)/G20,0) -> 0.55
A21: 18 | B21: קו Private Profile לסניפים + ניטור | C21: קווים | D21: חודשי | E21: 1 | F21: 400 | G21: =F21*(1-הנחות!B6) -> 400 | H21: 200 | I21: =E21*F21 -> 400 | J21: =E21*G21 -> 400 | K21: =E21*H21 -> 200 | L21: =IF(G21>0,(G21-H21)/G21,0) -> 0.5
A22: 19 | B22: ציוד תקשורת לאתר ראשי (שכירות) | C22: קווים | D22: חודשי | E22: 1 | F22: 300 | G22: =F22*(1-הנחות!B6) -> 300 | H22: 150 | I22: =E22*F22 -> 300 | J22: =E22*G22 -> 300 | K22: =E22*H22 -> 150 | L22: =IF(G22>0,(G22-H22)/G22,0) -> 0.5
A23: 20 | B23: התקנה חד-פעמית לאתר (סעיפים 17+18) | C23: קווים | D23: חד-פעמי | E23: 1 | F23: 1500 | G23: =F23*(1-הנחות!B6) -> 1500 | H23: 1200 | I23: =E23*F23 -> 1500 | J23: =E23*G23 -> 1500 | K23: =E23*H23 -> 1200 | L23: =IF(G23>0,(G23-H23)/G23,0) -> 0.2 | M23: בטופס המקורי מופיע בעמודה החודשית!
A24: 21 | B24: קו IPVPN GPON 1000/1000M + ניהול ציוד + חיבור טלפון | C24: קווים | D24: חודשי | E24: 1 | F24: 560 | G24: =F24*(1-הנחות!B6) -> 560 | H24: 300 | I24: =E24*F24 -> 560 | J24: =E24*G24 -> 560 | K24: =E24*H24 -> 300 | L24: =IF(G24>0,(G24-H24)/G24,0) -> 0.46428571
A25: 22 | B25: קו אופטי GPON 1000/1000M ללא אינטרנט | C25: קווים | D25: חודשי | E25: 0 | F25: 400 | G25: =F25*(1-הנחות!B6) -> 400 | H25: 220 | I25: =E25*F25 -> 0 | J25: =E25*G25 -> 0 | K25: =E25*H25 -> 0 | L25: =IF(G25>0,(G25-H25)/G25,0) -> 0.45 | M25: כמות לא צוינה בטופס.
A26: 23 | B26: מתג FS-124F-FPOE + 36 ח' תמיכה (או שו"ע) | C26: חומרה | D26: חד-פעמי | E26: 15 | F26: 4700 | G26: =F26*(1-הנחות!B9) -> 4700 | H26: 4200 | I26: =E26*F26 -> 70500 | J26: =E26*G26 -> 70500 | K26: =E26*H26 -> 63000 | L26: =IF(G26>0,(G26-H26)/G26,0) -> 0.10638298 | M26: מחיר מפיץ – לאמת. צמוד דולר.
A27: 24 | B27: מתג FS-148F-FPOE + 36 ח' תמיכה (או שו"ע) | C27: חומרה | D27: חד-פעמי | E27: 1 | F27: 7000 | G27: =F27*(1-הנחות!B9) -> 7000 | H27: 6300 | I27: =E27*F27 -> 7000 | J27: =E27*G27 -> 7000 | K27: =E27*H27 -> 6300 | L27: =IF(G27>0,(G27-H27)/G27,0) -> 0.1
A28: 25 | B28: FortiGate FG-71G + 36 ח' FortiCare (או שו"ע) | C28: חומרה | D28: חד-פעמי | E28: 4 | F28: 6500 | G28: =F28*(1-הנחות!B9) -> 6500 | H28: 5800 | I28: =E28*F28 -> 26000 | J28: =E28*G28 -> 26000 | K28: =E28*H28 -> 23200 | L28: =IF(G28>0,(G28-H28)/G28,0) -> 0.10769231
A29: 26 | B29: FortiGate FG-121G + 36 ח' FortiCare (או שו"ע) | C29: חומרה | D29: חד-פעמי | E29: 1 | F29: 23000 | G29: =F29*(1-הנחות!B9) -> 23000 | H29: 20500 | I29: =E29*F29 -> 23000 | J29: =E29*G29 -> 23000 | K29: =E29*H29 -> 20500 | L29: =IF(G29>0,(G29-H29)/G29,0) -> 0.10869565
A30: 27 | B30: FortiGate FG-51G + 36 ח' FortiCare (או שו"ע) | C30: חומרה | D30: חד-פעמי | E30: 24 | F30: 4500 | G30: =F30*(1-הנחות!B9) -> 4500 | H30: 4000 | I30: =E30*F30 -> 108000 | J30: =E30*G30 -> 108000 | K30: =E30*H30 -> 96000 | L30: =IF(G30>0,(G30-H30)/G30,0) -> 0.11111111
A31: 28 | B31: FortiAP 231G + 3Y UTM + FortiCare | C31: חומרה | D31: חד-פעמי | E31: 10 | F31: 1200 | G31: =F31*(1-הנחות!B9) -> 1200 | H31: 1400 | I31: =E31*F31 -> 12000 | J31: =E31*G31 -> 12000 | K31: =E31*H31 -> 14000 | L31: =IF(G31>0,(G31-H31)/G31,0) -> -0.16666667 | M31: חשד: מחיר מרבי נמוך מעלות השוק – לאמת.
A32: 29 | B32: פירוק ציוד ישן | C32: שעות עבודה | D32: חד-פעמי | E32: 30 | F32: 150 | G32: =F32*(1-הנחות!B10) -> 150 | H32: =הנחות!B16 -> 160 | I32: =E32*F32 -> 4500 | J32: =E32*G32 -> 4500 | K32: =E32*H32 -> 4800 | L32: =IF(G32>0,(G32-H32)/G32,0) -> -0.066666667 | M32: מחיר מרבי 150 ₪ – נמוך מעלות שעה.

Sheet סיכום והשוואה
A1: סיכום והשוואה
A3: סכום | B3: מרבי | C3: שלנו | D3: עלות | E3: מרווח
A4: חודשי (מהחודש הראשון) | B4: =SUMIFS('כתב כמויות'!$I$4:$I$32,'כתב כמויות'!$D$4:$D$32,"חודשי") -> 39920 | C4: =SUMIFS('כתב כמויות'!$J$4:$J$32,'כתב כמויות'!$D$4:$D$32,"חודשי") -> 39920 | D4: =SUMIFS('כתב כמויות'!$K$4:$K$32,'כתב כמויות'!$D$4:$D$32,"חודשי") -> 20610 | E4: =IF(C4>0,(C4-D4)/C4,0) -> 0.48371743
A5: חודשי משנה רביעית (סעיף 9) | B5: =SUMIFS('כתב כמויות'!$I$4:$I$32,'כתב כמויות'!$D$4:$D$32,"חודשי משנה 4") -> 2000 | C5: =SUMIFS('כתב כמויות'!$J$4:$J$32,'כתב כמויות'!$D$4:$D$32,"חודשי משנה 4") -> 2000 | D5: =SUMIFS('כתב כמויות'!$K$4:$K$32,'כתב כמויות'!$D$4:$D$32,"חודשי משנה 4") -> 1400 | E5: =IF(C5>0,(C5-D5)/C5,0) -> 0.3
A6: חד-פעמי | B6: =SUMIFS('כתב כמויות'!$I$4:$I$32,'כתב כמויות'!$D$4:$D$32,"חד-פעמי") -> 309700 | C6: =SUMIFS('כתב כמויות'!$J$4:$J$32,'כתב כמויות'!$D$4:$D$32,"חד-פעמי") -> 309700 | D6: =SUMIFS('כתב כמויות'!$K$4:$K$32,'כתב כמויות'!$D$4:$D$32,"חד-פעמי") -> 268200 | E6: =IF(C6>0,(C6-D6)/C6,0) -> 0.13400065
A8: סעיף 7 (מוחרג מההשוואה אם המכהן מגיש) | B8: =INDEX('כתב כמויות'!$I$4:$I$32,7) -> 11000 | C8: =INDEX('כתב כמויות'!$J$4:$J$32,7) -> 11000 | D8: =INDEX('כתב כמויות'!$K$4:$K$32,7) -> 8000
A10: בסיס השוואה א': סה"כ חודשי בלבד (כמו הנוסחאות בטופס) | B10: =B4 -> 39920 | C10: =C4 -> 39920
A11: בסיס השוואה ב': עלות כוללת לתקופה (חודשי × חודשים + חד-פעמי) | B11: =B4*הנחות!B19+B5*הנחות!B20+B6-הנחות!B12*B8 -> 1735820 | C11: =C4*הנחות!B19+C5*הנחות!B20+C6-הנחות!B12*C8 -> 1735820
A12: הערה: שיטת ההשוואה לא מוגדרת בטופס (שורת הסה"כ ריקה). שאלת הבהרה 2.
A14: רווחיות לתקופה
A15: קטגוריה | B15: הכנסה לתקופה | C15: עלות לתקופה | D15: רווח | E15: מרווח
A16: קווים | B16: =SUMPRODUCT(('כתב כמויות'!$C$4:$C$32="קווים")*'כתב כמויות'!$J$4:$J$32*IF('כתב כמויות'!$D$4:$D$32="חודשי",הנחות!$B$19,IF('כתב כמויות'!$D$4:$D$32="חודשי משנה 4",הנחות!$B$20,1))) -> 1129020 | C16: =SUMPRODUCT(('כתב כמויות'!$C$4:$C$32="קווים")*'כתב כמויות'!$K$4:$K$32*IF('כתב כמויות'!$D$4:$D$32="חודשי",הנחות!$B$19,IF('כתב כמויות'!$D$4:$D$32="חודשי משנה 4",הנחות!$B$20,1))) -> 534360 | D16: =B16-C16 -> 594660 | E16: =IF(B16>0,D16/B16,0) -> 0.52670458
A17: מרכזייה | B17: =SUMPRODUCT(('כתב כמויות'!$C$4:$C$32="מרכזייה")*'כתב כמויות'!$J$4:$J$32*IF('כתב כמויות'!$D$4:$D$32="חודשי",הנחות!$B$19,IF('כתב כמויות'!$D$4:$D$32="חודשי משנה 4",הנחות!$B$20,1))) -> 126000 | C17: =SUMPRODUCT(('כתב כמויות'!$C$4:$C$32="מרכזייה")*'כתב כמויות'!$K$4:$K$32*IF('כתב כמויות'!$D$4:$D$32="חודשי",הנחות!$B$19,IF('כתב כמויות'!$D$4:$D$32="חודשי משנה 4",הנחות!$B$20,1))) -> 68400 | D17: =B17-C17 -> 57600 | E17: =IF(B17>0,D17/B17,0) -> 0.45714286
A18: Fortinet SaaS | B18: =SUMPRODUCT(('כתב כמויות'!$C$4:$C$32="Fortinet SaaS")*'כתב כמויות'!$J$4:$J$32*IF('כתב כמויות'!$D$4:$D$32="חודשי",הנחות!$B$19,IF('כתב כמויות'!$D$4:$D$32="חודשי משנה 4",הנחות!$B$20,1))) -> 183600 | C18: =SUMPRODUCT(('כתב כמויות'!$C$4:$C$32="Fortinet SaaS")*'כתב כמויות'!$K$4:$K$32*IF('כתב כמויות'!$D$4:$D$32="חודשי",הנחות!$B$19,IF('כתב כמויות'!$D$4:$D$32="חודשי משנה 4",הנחות!$B$20,1))) -> 140400 | D18: =B18-C18 -> 43200 | E18: =IF(B18>0,D18/B18,0) -> 0.23529412
A19: חומרה | B19: =SUMPRODUCT(('כתב כמויות'!$C$4:$C$32="חומרה")*'כתב כמויות'!$J$4:$J$32*IF('כתב כמויות'!$D$4:$D$32="חודשי",הנחות!$B$19,IF('כתב כמויות'!$D$4:$D$32="חודשי משנה 4",הנחות!$B$20,1))) -> 246500 | C19: =SUMPRODUCT(('כתב כמויות'!$C$4:$C$32="חומרה")*'כתב כמויות'!$K$4:$K$32*IF('כתב כמויות'!$D$4:$D$32="חודשי",הנחות!$B$19,IF('כתב כמויות'!$D$4:$D$32="חודשי משנה 4",הנחות!$B$20,1))) -> 223000 | D19: =B19-C19 -> 23500 | E19: =IF(B19>0,D19/B19,0) -> 0.095334686
A20: שעות עבודה | B20: =SUMPRODUCT(('כתב כמויות'!$C$4:$C$32="שעות עבודה")*'כתב כמויות'!$J$4:$J$32*IF('כתב כמויות'!$D$4:$D$32="חודשי",הנחות!$B$19,IF('כתב כמויות'!$D$4:$D$32="חודשי משנה 4",הנחות!$B$20,1))) -> 61700 | C20: =SUMPRODUCT(('כתב כמויות'!$C$4:$C$32="שעות עבודה")*'כתב כמויות'!$K$4:$K$32*IF('כתב כמויות'!$D$4:$D$32="חודשי",הנחות!$B$19,IF('כתב כמויות'!$D$4:$D$32="חודשי משנה 4",הנחות!$B$20,1))) -> 44000 | D20: =B20-C20 -> 17700 | E20: =IF(B20>0,D20/B20,0) -> 0.28687196
A21: תחזוקה | B21: =SUMPRODUCT(('כתב כמויות'!$C$4:$C$32="תחזוקה")*'כתב כמויות'!$J$4:$J$32*IF('כתב כמויות'!$D$4:$D$32="חודשי",הנחות!$B$19,IF('כתב כמויות'!$D$4:$D$32="חודשי משנה 4",הנחות!$B$20,1))) -> 0 | C21: =SUMPRODUCT(('כתב כמויות'!$C$4:$C$32="תחזוקה")*'כתב כמויות'!$K$4:$K$32*IF('כתב כמויות'!$D$4:$D$32="חודשי",הנחות!$B$19,IF('כתב כמויות'!$D$4:$D$32="חודשי משנה 4",הנחות!$B$20,1))) -> 0 | D21: =B21-C21 -> 0 | E21: =IF(B21>0,D21/B21,0) -> 0
A22: סה"כ | B22: =SUM(B16:B21) -> 1746820 | C22: =SUM(C16:C21) -> 1010160 | D22: =SUM(D16:D21) -> 736660 | E22: =IF(B22>0,D22/B22,0) -> 0.42171489

Sheet תזרים
A1: תזרים חודשי (60 חודשים)
A2: רווח (צבירה) לתקופה | C2: =SUM(E8:E68) -> 736660
A3: NPV של התזרים | C3: =G8+NPV(הנחות!B14/12,G9:G68) -> 630583.52
A4: חשיפת מזומנים מרבית | C4: =MIN(H8:H68) -> -309420
A6: הנחה: החומרה ושעות ההקמה משולמות לספקים בחודש 1, והחשבון החד-פעמי לעירייה מוגש בחודש ההתקנה. תנאי תשלום בפועל – לפי חוברת המכרז.
A7: חודש | B7: הכנסה (צבירה) | C7: עלות חודשית | D7: עלות חד-פעמית | E7: רווח (צבירה) | F7: תקבול | G7: תזרים נטו | H7: מצטבר
A8: 0 | B8: =IF(AND(A8>=הנחות!$B$15,A8<הנחות!$B$15+הנחות!$B$19),'סיכום והשוואה'!$C$4,0)+IF(AND(A8>=הנחות!$B$15+36,A8<הנחות!$B$15+הנחות!$B$19),'סיכום והשוואה'!$C$5,0)+IF(A8=הנחות!$B$15,'סיכום והשוואה'!$C$6,0) -> 0 | C8: =IF(AND(A8>=הנחות!$B$15,A8<הנחות!$B$15+הנחות!$B$19),'סיכום והשוואה'!$D$4,0)+IF(AND(A8>=הנחות!$B$15+36,A8<הנחות!$B$15+הנחות!$B$19),'סיכום והשוואה'!$D$5,0) -> 0 | D8: =IF(A8=1,'סיכום והשוואה'!$D$6,0) -> 0 | E8: =B8-C8-D8 -> 0 | F8: =IF(A8-הנחות!$B$13>=0,INDEX($B$8:$B$68,A8-הנחות!$B$13+1),0) -> 0 | G8: =F8-C8-D8 -> 0 | H8: =G8 -> 0
A9: 1 | B9: =IF(AND(A9>=הנחות!$B$15,A9<הנחות!$B$15+הנחות!$B$19),'סיכום והשוואה'!$C$4,0)+IF(AND(A9>=הנחות!$B$15+36,A9<הנחות!$B$15+הנחות!$B$19),'סיכום והשוואה'!$C$5,0)+IF(A9=הנחות!$B$15,'סיכום והשוואה'!$C$6,0) -> 0 | C9: =IF(AND(A9>=הנחות!$B$15,A9<הנחות!$B$15+הנחות!$B$19),'סיכום והשוואה'!$D$4,0)+IF(AND(A9>=הנחות!$B$15+36,A9<הנחות!$B$15+הנחות!$B$19),'סיכום והשוואה'!$D$5,0) -> 0 | D9: =IF(A9=1,'סיכום והשוואה'!$D$6,0) -> 268200 | E9: =B9-C9-D9 -> -268200 | F9: =IF(A9-הנחות!$B$13>=0,INDEX($B$8:$B$68,A9-הנחות!$B$13+1),0) -> 0 | G9: =F9-C9-D9 -> -268200 | H9: =H8+G9 -> -268200
A10: 2 | B10: =IF(AND(A10>=הנחות!$B$15,A10<הנחות!$B$15+הנחות!$B$19),'סיכום והשוואה'!$C$4,0)+IF(AND(A10>=הנחות!$B$15+36,A10<הנחות!$B$15+הנחות!$B$19),'סיכום והשוואה'!$C$5,0)+IF(A10=הנחות!$B$15,'סיכום והשוואה'!$C$6,0) -> 349620 | C10: =IF(AND(A10>=הנחות!$B$15,A10<הנחות!$B$15+הנחות!$B$19),'סיכום והשוואה'!$D$4,0)+IF(AND(A10>=הנחות!$B$15+36,A10<הנחות!$B$15+הנחות!$B$19),'סיכום והשוואה'!$D$5,0) -> 20610 | D10: =IF(A10=1,'סיכום והשוואה'!$D$6,0) -> 0 | E10: =B10-C10-D10 -> 329010 | F10: =IF(A10-הנחות!$B$13>=0,INDEX($B$8:$B$68,A10-הנחות!$B$13+1),0) -> 0 | G10: =F10-C10-D10 -> -20610 | H10: =H9+G10 -> -288810
A11: 3 | B11: =IF(AND(A11>=הנחות!$B$15,A11<הנחות!$B$15+הנחות!$B$19),'סיכום והשוואה'!$C$4,0)+IF(AND(A11>=הנחות!$B$15+36,A11<הנחות!$B$15+הנחות!$B$19),'סיכום והשוואה'!$C$5,0)+IF(A11=הנחות!$B$15,'סיכום והשוואה'!$C$6,0) -> 39920 | C11: =IF(AND(A11>=הנחות!$B$15,A11<הנחות!$B$15+הנחות!$B$19),'סיכום והשוואה'!$D$4,0)+IF(AND(A11>=הנחות!$B$15+36,A11<הנחות!$B$15+הנחות!$B$19),'סיכום והשוואה'!$D$5,0) -> 20610 | D11: =IF(A11=1,'סיכום והשוואה'!$D$6,0) -> 0 | E11: =B11-C11-D11 -> 19310 | F11: =IF(A11-הנחות!$B$13>=0,INDEX($B$8:$B$68,A11-הנחות!$B$13+1),0) -> 0 | G11: =F11-C11-D11 -> -20610 | H11: =H10+G11 -> -309420
A12: 4 | B12: =IF(AND(A12>=הנחות!$B$15,A12<הנחות!$B$15+הנחות!$B$19),'סיכום והשוואה'!$C$4,0)+IF(AND(A12>=הנחות!$B$15+36,A12<הנחות!$B$15+הנחות!$B$19),'סיכום והשוואה'!$C$5,0)+IF(A12=הנחות!$B$15,'סיכום והשוואה'!$C$6,0) -> 39920 | C12: =IF(AND(A12>=הנחות!$B$15,A12<הנחות!$B$15+הנחות!$B$19),'סיכום והשוואה'!$D$4,0)+IF(AND(A12>=הנחות!$B$15+36,A12<הנחות!$B$15+הנחות!$B$19),'סיכום והשוואה'!$D$5,0) -> 20610 | D12: =IF(A12=1,'סיכום והשוואה'!$D$6,0) -> 0 | E12: =B12-C12-D12 -> 19310 | F12: =IF(A12-הנחות!$B$13>=0,INDEX($B$8:$B$68,A12-הנחות!$B$13+1),0) -> 349620 | G12: =F12-C12-D12 -> 329010 | H12: =H11+G12 -> 19590
A13: 5 | B13: =IF(AND(A13>=הנחות!$B$15,A13<הנחות!$B$15+הנחות!$B$19),'סיכום והשוואה'!$C$4,0)+IF(AND(A13>=הנחות!$B$15+36,A13<הנחות!$B$15+הנחות!$B$19),'סיכום והשוואה'!$C$5,0)+IF(A13=הנחות!$B$15,'סיכום והשוואה'!$C$6,0) -> 39920 | C13: =IF(AND(A13>=הנחות!$B$15,A13<הנחות!$B$15+הנחות!$B$19),'סיכום והשוואה'!$D$4,0)+IF(AND(A13>=הנחות!$B$15+36,A13<הנחות!$B$15+הנחות!$B$19),'סיכום והשוואה'!$D$5,0) -> 20610 | D13: =IF(A13=1,'סיכום והשוואה'!$D$6,0) -> 0 | E13: =B13-C13-D13 -> 19310 | F13: =IF(A13-הנחות!$B$13>=0,INDEX($B$8:$B$68,A13-הנחות!$B$13+1),0) -> 39920 | G13: =F13-C13-D13 -> 19310 | H13: =H12+G13 -> 38900
A14: 6 | B14: =IF(AND(A14>=הנחות!$B$15,A14<הנחות!$B$15+הנחות!$B$19),'סיכום והשוואה'!$C$4,0)+IF(AND(A14>=הנחות!$B$15+36,A14<הנחות!$B$15+הנחות!$B$19),'סיכום והשוואה'!$C$5,0)+IF(A14=הנחות!$B$15,'סיכום והשוואה'!$C$6,0) -> 39920 | C14: =IF(AND(A14>=הנחות!$B$15,A14<הנחות!$B$15+הנחות!$B$19),'סיכום והשוואה'!$D$4,0)+IF(AND(A14>=הנחות!$B$15+36,A14<הנחות!$B$15+הנחות!$B$19),'סיכום והשוואה'!$D$5,0) -> 20610 | D14: =IF(A14=1,'סיכום והשוואה'!$D$6,0) -> 0 | E14: =B14-C14-D14 -> 19310 | F14: =IF(A14-הנחות!$B$13>=0,INDEX($B$8:$B$68,A14-הנחות!$B$13+1),0) -> 39920 | G14: =F14-C14-D14 -> 19310 | H14: =H13+G14 -> 58210
A15: 7 | B15: =IF(AND(A15>=הנחות!$B$15,A15<הנחות!$B$15+הנחות!$B$19),'סיכום והשוואה'!$C$4,0)+IF(AND(A15>=הנחות!$B$15+36,A15<הנחות!$B$15+הנחות!$B$19),'סיכום והשוואה'!$C$5,0)+IF(A15=הנחות!$B$15,'סיכום והשוואה'!$C$6,0) -> 39920 | C15: =IF(AND(A15>=הנחות!$B$15,A15<הנחות!$B$15+הנחות!$B$19),'סיכום והשוואה'!$D$4,0)+IF(AND(A15>=הנחות!$B$15+36,A15<הנחות!$B$15+הנחות!$B$19),'סיכום והשוואה'!$D$5,0) -> 20610 | D15: =IF(A15=1,'סיכום והשוואה'!$D$6,0) -> 0 | E15: =B15-C15-D15 -> 19310 | F15: =IF(A15-הנחות!$B$13>=0,INDEX($B$8:$B$68,A15-הנחות!$B$13+1),0) -> 39920 | G15: =F15-C15-D15 -> 19310 | H15: =H14+G15 -> 77520
A16: 8 | B16: =IF(AND(A16>=הנחות!$B$15,A16<הנחות!$B$15+הנחות!$B$19),'סיכום והשוואה'!$C$4,0)+IF(AND(A16>=הנחות!$B$15+36,A16<הנחות!$B$15+הנחות!$B$19),'סיכום והשוואה'!$C$5,0)+IF(A16=הנחות!$B$15,'סיכום והשוואה'!$C$6,0) -> 39920 | C16: =IF(AND(A16>=הנחות!$B$15,A16<הנחות!$B$15+הנחות!$B$19),'סיכום והשוואה'!$D$4,0)+IF(AND(A16>=הנחות!$B$15+36,A16<הנחות!$B$15+הנחות!$B$19),'סיכום והשוואה'!$D$5,0) -> 20610 | D16: =IF(A16=1,'סיכום והשוואה'!$D$6,0) -> 0 | E16: =B16-C16-D16 -> 19310 | F16: =IF(A16-הנחות!$B$13>=0,INDEX($B$8:$B$68,A16-הנחות!$B$13+1),0) -> 39920 | G16: =F16-C16-D16 -> 19310 | H16: =H15+G16 -> 96830
A17: 9 | B17: =IF(AND(A17>=הנחות!$B$15,A17<הנחות!$B$15+הנחות!$B$19),'סיכום והשוואה'!$C$4,0)+IF(AND(A17>=הנחות!$B$15+36,A17<הנחות!$B$15+הנחות!$B$19),'סיכום והשוואה'!$C$5,0)+IF(A17=הנחות!$B$15,'סיכום והשוואה'!$C$6,0) -> 39920 | C17: =IF(AND(A17>=הנחות!$B$15,A17<הנחות!$B$15+הנחות!$B$19),'סיכום והשוואה'!$D$4,0)+IF(AND(A17>=הנחות!$B$15+36,A17<הנחות!$B$15+הנחות!$B$19),'סיכום והשוואה'!$D$5,0) -> 20610 | D17: =IF(A17=1,'סיכום והשוואה'!$D$6,0) -> 0 | E17: =B17-C17-D17 -> 19310 | F17: =IF(A17-הנחות!$B$13>=0,INDEX($B$8:$B$68,A17-הנחות!$B$13+1),0) -> 39920 | G17: =F17-C17-D17 -> 19310 | H17: =H16+G17 -> 116140
A18: 10 | B18: =IF(AND(A18>=הנחות!$B$15,A18<הנחות!$B$15+הנחות!$B$19),'סיכום והשוואה'!$C$4,0)+IF(AND(A18>=הנחות!$B$15+36,A18<הנחות!$B$15+הנחות!$B$19),'סיכום והשוואה'!$C$5,0)+IF(A18=הנחות!$B$15,'סיכום והשוואה'!$C$6,0) -> 39920 | C18: =IF(AND(A18>=הנחות!$B$15,A18<הנחות!$B$15+הנחות!$B$19),'סיכום והשוואה'!$D$4,0)+IF(AND(A18>=הנחות!$B$15+36,A18<הנחות!$B$15+הנחות!$B$19),'סיכום והשוואה'!$D$5,0) -> 20610 | D18: =IF(A18=1,'סיכום והשוואה'!$D$6,0) -> 0 | E18: =B18-C18-D18 -> 19310 | F18: =IF(A18-הנחות!$B$13>=0,INDEX($B$8:$B$68,A18-הנחות!$B$13+1),0) -> 39920 | G18: =F18-C18-D18 -> 19310 | H18: =H17+G18 -> 135450
A19: 11 | B19: =IF(AND(A19>=הנחות!$B$15,A19<הנחות!$B$15+הנחות!$B$19),'סיכום והשוואה'!$C$4,0)+IF(AND(A19>=הנחות!$B$15+36,A19<הנחות!$B$15+הנחות!$B$19),'סיכום והשוואה'!$C$5,0)+IF(A19=הנחות!$B$15,'סיכום והשוואה'!$C$6,0) -> 39920 | C19: =IF(AND(A19>=הנחות!$B$15,A19<הנחות!$B$15+הנחות!$B$19),'סיכום והשוואה'!$D$4,0)+IF(AND(A19>=הנחות!$B$15+36,A19<הנחות!$B$15+הנחות!$B$19),'סיכום והשוואה'!$D$5,0) -> 20610 | D19: =IF(A19=1,'סיכום והשוואה'!$D$6,0) -> 0 | E19: =B19-C19-D19 -> 19310 | F19: =IF(A19-הנחות!$B$13>=0,INDEX($B$8:$B$68,A19-הנחות!$B$13+1),0) -> 39920 | G19: =F19-C19-D19 -> 19310 | H19: =H18+G19 -> 154760
A20: 12 | B20: =IF(AND(A20>=הנחות!$B$15,A20<הנחות!$B$15+הנחות!$B$19),'סיכום והשוואה'!$C$4,0)+IF(AND(A20>=הנחות!$B$15+36,A20<הנחות!$B$15+הנחות!$B$19),'סיכום והשוואה'!$C$5,0)+IF(A20=הנחות!$B$15,'סיכום והשוואה'!$C$6,0) -> 39920 | C20: =IF(AND(A20>=הנחות!$B$15,A20<הנחות!$B$15+הנחות!$B$19),'סיכום והשוואה'!$D$4,0)+IF(AND(A20>=הנחות!$B$15+36,A20<הנחות!$B$15+הנחות!$B$19),'סיכום והשוואה'!$D$5,0) -> 20610 | D20: =IF(A20=1,'סיכום והשוואה'!$D$6,0) -> 0 | E20: =B20-C20-D20 -> 19310 | F20: =IF(A20-הנחות!$B$13>=0,INDEX($B$8:$B$68,A20-הנחות!$B$13+1),0) -> 39920 | G20: =F20-C20-D20 -> 19310 | H20: =H19+G20 -> 174070
... A68: 60 | B68: =IF(AND(A68>=הנחות!$B$15,A68<הנחות!$B$15+הנחות!$B$19),'סיכום והשוואה'!$C$4,0)+IF(AND(A68>=הנחות!$B$15+36,A68<הנחות!$B$15+הנחות!$B$19),'סיכום והשוואה'!$C$5,0)+IF(A68=הנחות!$B$15,'סיכום והשוואה'!$C$6,0) -> 0 | C68: =IF(AND(A68>=הנחות!$B$15,A68<הנחות!$B$15+הנחות!$B$19),'סיכום והשוואה'!$D$4,0)+IF(AND(A68>=הנחות!$B$15+36,A68<הנחות!$B$15+הנחות!$B$19),'סיכום והשוואה'!$D$5,0) -> 0 | D68: =IF(A68=1,'סיכום והשוואה'!$D$6,0) -> 0 | E68: =B68-C68-D68 -> 0 | F68: =IF(A68-הנחות!$B$13>=0,INDEX($B$8:$B$68,A68-הנחות!$B$13+1),0) -> 0 | G68: =F68-C68-D68 -> 0 | H68: =H67+G68 -> 736660

Sheet שגיאות בטופס
A1: ליקויים בכתב הכמויות
A3: # | B3: סעיף | C3: ליקוי | D3: השפעה
A4: 1 | B4: 14 | C4: אין נוסחת סכום (G16 ריק): 24 קווים × 300 ₪ לא נכללים בסה"כ החודשי. | D4: 7,200 ₪ לחודש חסרים בהשוואה.
A5: 2 | B5: סה"כ | C5: שורת "סה"כ לפני מע"מ" ריקה, בלי נוסחה. לא מוגדר אם ההשוואה חודשית, חד-פעמית או כוללת. | D5: שיטת ההשוואה לא ידועה.
A6: 3 | B6: 5–8, 29 | C6: המחיר החד-פעמי נרשם כטקסט ("250 לשעה") בעמודת התשלום החד-פעמי; נוסחת הסה"כ כופלת את העמודה החודשית (ריקה) ומחזירה 0. | D6: סעיפי השעות לא נכנסים לסה"כ.
A7: 4 | B7: 23–28 | C7: כמות כטקסט ("15 יח'") ומחיר כטקסט ("4700 ליחידה"); אין נוסחאות סכום לחד-פעמי (עמודה H ריקה). | D7: כל החומרה (~246,500 ₪) מחוץ לסה"כ.
A8: 5 | B8: 20 | C8: התקנה חד-פעמית רשומה בעמודה החודשית (1,500 ₪ לחודש). | D8: מעוות את הסה"כ החודשי.
A9: 6 | B9: 9 | C9: תחזוקה "החל משנה רביעית" נסכמת בסה"כ החודשי מהחודש הראשון (ערך קבוע 2,000). | D9: מנפח את ההשוואה החודשית.
A10: 7 | B10: 4 | C10: סה"כ רשום כערך קבוע (3,500) ולא כנוסחה. | D10: לא יתעדכן אם הכמות תשתנה.
A11: 8 | B11: 22 | C11: כמות לא צוינה. | D11: לא ידוע אם נכלל בהשוואה.
A12: 9 | B12: 19, 20 | C12: עמודת היחידה ריקה.
A13: 10 | B13: 23 | C13: יחידה "קו" למתג. | D13: טעות סופר.
A14: 11 | B14: 12 מול 10 | C14: קו 300/150M זול יותר (1,600) מקו 200M (1,850). | D14: לבדוק מפרט.
