Workbook

Sheet מקרא
A1: מודל כלכלי – נתג"ז INGL/TENDER/2026/48: אספקה, התקנה ותחזוקה של נתבים ומתגים Cisco
A3: ניקוד: מחיר 60 (60 × הזולה / הנבדקת, על סך כל הפריטים; רכיבים בדולר מומרים בשער היציג ביום ההגשה), איכות 40 (מוסף 1). אין ערבויות. תשלום שוטף + 45. אחריות ותחזוקה 60 חודשים – אין לה סעיף בכתב הכמויות, לכן היא נטענת על מחירי הפריטים.
A5: מוסכמות: כחול = קלט. צהוב = הנחה לאמת. שחור = נוסחה. ירוק = קישור. אדום = הפסד.
A6: מחירי המחירון (GPL) בגיליון "כתב כמויות" הם הערכה גסה לחבילת המקטים של כל פריט – להחליף בהצעת מפיץ Cisco (Deal Registration).
A8: גיליונות:
A9: הנחות – שער דולר, הנחת קנייה מהמפיץ, הנחה מוצעת לנתג"ז, עלויות עבודה, רזרבת אחזקה.
A10: כתב כמויות – 16 הפריטים: כמות, מחיר מחירון, עלות, מחיר מוצע, מרווח.
A11: ניקוד ותחרות – ציון מחיר ואיכות מול מתחרה, מחיר מרבי לשוויון, שווי נקודה, טבלת רגישות להנחה.
A12: רווחיות – הכנסה, עלויות (כולל 60 חודשי אחזקה), רווח.
A13: תזרים – 66 חודשים: רכישה מראש, תקבולים בשוטף + 45, עלות אחזקה חודשית.

Sheet הנחות
A1: הנחות
A3: הנחה | B3: ערך | C3: הסבר
A4: שער דולר יציג (₪) | B4: 3.65 | C4: השוואת ההצעות לפי השער היציג במועד האחרון להגשה (13.12.2026). התשלום – לפי השער ביום ההזמנה.
A5: הנחת קנייה מהמפיץ (מ-GPL) | B5: 0.45 | C5: הערכה – תלויה ברישום העסקה (Deal Registration) ובדרגת השותף. לאמת מול המפיץ.
A6: הנחה מוצעת לנתג"ז (מ-GPL) | B6: 0.35 | C6: הקלט המרכזי לתחרות. כל המתחרים קונים מאותם מפיצים – הפער ביניהם הוא בעיקר ברישום העסקה.
A7: תוספת רווח על עלות השירותים | B7: 0.3
A8: עלות יום טכנאי שטח (₪) | B8: 1800 | C8: כולל רכב ונסיעות לאתרים מדימונה עד חיפה.
A9: עלות יום מהנדס רשת / אבטחה (₪) | B9: 2600
A10: עלות יום מהנדס CCIE (₪) | B10: 4000 | C10: ייתכן קבלן משנה – שאלת הבהרה 21.
A11: עלות חודשית לאחזקה 24/7 בשטח (₪) | B11: 3000 | C11: אין סעיף אחזקה בכתב הכמויות: כוננות, הגעה לאתרים, טיפול בתקלות – 60 חודשים. מקטי תמיכת היצרן כלולים במחיר הרכיבים.
A12: חודשי אחזקה | B12: 60 | C12: מפרט 2.3.
A13: מרווח ביטחון על עלות השירותים | B13: 0.1 | C13: גישה לאתרים, היתרים, ליווי, עבודה בגובה.
A14: פיגור תשלום (חודשים) | B14: 2.5 | C14: שוטף + 45 מקבלת החשבון + אישור הממונה.
A15: שיעור היוון שנתי | B15: 0.08
A16: חודש אספקת הציוד | B16: 4 | C16: הערכה – זמני אספקה של Cisco (שאלת הבהרה 5).
A17: משך ההתקנות (חודשים) | B17: 6 | C17: 60 מתקנים, עד 3 ביום, בתיאום עם החברה.

Sheet כתב כמויות
A1: כתב כמויות – מחיר מחירון, עלות ומחיר מוצע
A2: רכיבים: E = מחיר מחירון (GPL) ליחידה בדולר. שירותים: E = ימי עבודה ליחידה; F/G בשקלים.
A3: # | B3: פריט | C3: סוג | D3: כמות | E3: GPL $ / ימים ליחידה | F3: עלות ליחידה | G3: מחיר מוצע ליחידה | H3: סה"כ מחיר (₪) | I3: סה"כ עלות (₪) | J3: מרווח | K3: הערה (הערכה – לאמת)
A4: 1 | B4: מתג IE3500 8 פורטים + Network Advantage + SD + תמיכה | C4: רכיב | D4: 20 | E4: 3500 | F4: =E4*(1-הנחות!$B$5) -> 1925 | G4: =E4*(1-הנחות!$B$6) -> 2275 | H4: =D4*G4*הנחות!$B$4 -> 166075 | I4: =D4*F4*הנחות!$B$4 -> 140525 | J4: =IF(H4>0,(H4-I4)/H4,0) -> 0.15384615 | K4: חבילת 9 מקטים.
A5: 2 | B5: מודול הרחבה IEM-3500-16T + תמיכה | C5: רכיב | D5: 20 | E5: 1800 | F5: =E5*(1-הנחות!$B$5) -> 990 | G5: =E5*(1-הנחות!$B$6) -> 1170 | H5: =D5*G5*הנחות!$B$4 -> 85410 | I5: =D5*F5*הנחות!$B$4 -> 72270 | J5: =IF(H5>0,(H5-I5)/H5,0) -> 0.15384615
A6: 3 | B6: נתב IR1101-K9 + Network Essentials + אנטנות + קיט | C6: רכיב | D6: 60 | E6: 3000 | F6: =E6*(1-הנחות!$B$5) -> 1650 | G6: =E6*(1-הנחות!$B$6) -> 1950 | H6: =D6*G6*הנחות!$B$4 -> 427050 | I6: =D6*F6*הנחות!$B$4 -> 361350 | J6: =IF(H6>0,(H6-I6)/H6,0) -> 0.15384615 | K6: חבילת 16 מקטים.
A7: 4 | B7: יחידת 5G RedCap (P-5GS6-RC-GL) | C7: רכיב | D7: 60 | E7: 1200 | F7: =E7*(1-הנחות!$B$5) -> 660 | G7: =E7*(1-הנחות!$B$6) -> 780 | H7: =D7*G7*הנחות!$B$4 -> 170820 | I7: =D7*F7*הנחות!$B$4 -> 144540 | J7: =IF(H7>0,(H7-I7)/H7,0) -> 0.15384615
A8: 5 | B8: הרחבת SSD לאחסון לוגים (IRM-1100-SPMI + 100G) | C8: רכיב | D8: 10 | E8: 900 | F8: =E8*(1-הנחות!$B$5) -> 495 | G8: =E8*(1-הנחות!$B$6) -> 585 | H8: =D8*G8*הנחות!$B$4 -> 21352.5 | I8: =D8*F8*הנחות!$B$4 -> 18067.5 | J8: =IF(H8>0,(H8-I8)/H8,0) -> 0.15384615
A9: 6 | B9: ISE – רישוי מכונה וירטואלית (R-ISE-VMC-K9) | C9: רכיב | D9: 3 | E9: 600 | F9: =E9*(1-הנחות!$B$5) -> 330 | G9: =E9*(1-הנחות!$B$6) -> 390 | H9: =D9*G9*הנחות!$B$4 -> 4270.5 | I9: =D9*F9*הנחות!$B$4 -> 3613.5 | J9: =IF(H9>0,(H9-I9)/H9,0) -> 0.15384615 | K9: אין חומרה בכתב הכמויות – שאלת הבהרה 19.
A10: 7 | B10: ISE Advantage (מנוי, לנקודת קצה) | C10: רכיב | D10: 1440 | E10: 90 | F10: =E10*(1-הנחות!$B$5) -> 49.5 | G10: =E10*(1-הנחות!$B$6) -> 58.5 | H10: =D10*G10*הנחות!$B$4 -> 307476 | I10: =D10*F10*הנחות!$B$4 -> 260172 | J10: =IF(H10>0,(H10-I10)/H10,0) -> 0.15384615 | K10: משך המנוי לא מוגדר – שאלת הבהרה 15.
A11: 8 | B11: ISE PLR – רישוי לסביבה מנותקת | C11: רכיב | D11: 3 | E11: 500 | F11: =E11*(1-הנחות!$B$5) -> 275 | G11: =E11*(1-הנחות!$B$6) -> 325 | H11: =D11*G11*הנחות!$B$4 -> 3558.75 | I11: =D11*F11*הנחות!$B$4 -> 3011.25 | J11: =IF(H11>0,(H11-I11)/H11,0) -> 0.15384615
A12: 9 | B12: Cyber Vision Advantage, 5 שנים (לנכס) | C12: רכיב | D12: 1440 | E12: 120 | F12: =E12*(1-הנחות!$B$5) -> 66 | G12: =E12*(1-הנחות!$B$6) -> 78 | H12: =D12*G12*הנחות!$B$4 -> 409968 | I12: =D12*F12*הנחות!$B$4 -> 346896 | J12: =IF(H12>0,(H12-I12)/H12,0) -> 0.15384615 | K12: אין פריט ל-Cyber Vision Center – שאלת הבהרה 20.
A13: 10 | B13: התקנת נתב במתקן (מעבדה + שטח) | C13: שירות | D13: 60 | E13: 0.67 | F13: =E13*הנחות!$B$8*(1+הנחות!$B$13) -> 1326.6 | G13: =F13*(1+הנחות!$B$7) -> 1724.58 | H13: =D13*G13 -> 103474.8 | I13: =D13*F13 -> 79596 | J13: =IF(H13>0,(H13-I13)/H13,0) -> 0.23076923 | K13: טכנאי שטח + טכנאי באתר הראשי, 3 התקנות ביום (מפרט 3.2.2).
A14: 11 | B14: התקנת 2 אנטנות חיצוניות במתקן | C14: שירות | D14: 60 | E14: 0.6 | F14: =E14*הנחות!$B$8*(1+הנחות!$B$13)+250 -> 1438 | G14: =F14*(1+הנחות!$B$7) -> 1869.4 | H14: =D14*G14 -> 112164 | I14: =D14*F14 -> 86280 | J14: =IF(H14>0,(H14-I14)/H14,0) -> 0.23076923 | K14: עבודה בגובה, 2 × 15 מ' קואקס; חומרים בנפרד – ראו הערה.
A15: 12 | B15: התקנה והטמעת ISE (Cluster, Profiling, MAB, Micro-segmentation) | C15: שירות | D15: 1 | E15: 18 | F15: =E15*הנחות!$B$9*(1+הנחות!$B$13) -> 51480 | G15: =F15*(1+הנחות!$B$7) -> 66924 | H15: =D15*G15 -> 66924 | I15: =D15*F15 -> 51480 | J15: =IF(H15>0,(H15-I15)/H15,0) -> 0.23076923
A16: 13 | B16: התקנה והטמעת Cyber Vision | C16: שירות | D16: 1 | E16: 10 | F16: =E16*הנחות!$B$9*(1+הנחות!$B$13) -> 28600 | G16: =F16*(1+הנחות!$B$7) -> 37180 | H16: =D16*G16 -> 37180 | I16: =D16*F16 -> 28600 | J16: =IF(H16>0,(H16-I16)/H16,0) -> 0.23076923
A17: 14 | B17: התקנת 2 מתגים במתקן + חיבור Sensor | C17: שירות | D17: 10 | E17: 0.8 | F17: =E17*הנחות!$B$9*(1+הנחות!$B$13) -> 2288 | G17: =F17*(1+הנחות!$B$7) -> 2974.4 | H17: =D17*G17 -> 29744 | I17: =D17*F17 -> 22880 | J17: =IF(H17>0,(H17-I17)/H17,0) -> 0.23076923 | K17: איש רשת + איש אבטחת מידע (מפרט 3.4.2).
A18: 15 | B18: מסמכי HLD + LLD + תיקי אתר (CCIE) | C18: שירות | D18: 1 | E18: 12 | F18: =E18*הנחות!$B$10*(1+הנחות!$B$13) -> 52800 | G18: =F18*(1+הנחות!$B$7) -> 68640 | H18: =D18*G18 -> 68640 | I18: =D18*F18 -> 52800 | J18: =IF(H18>0,(H18-I18)/H18,0) -> 0.23076923
A19: 16 | B19: ניהול פרויקט (קומפלט) | C19: שירות | D19: 1 | E19: 25 | F19: =E19*הנחות!$B$9*(1+הנחות!$B$13) -> 71500 | G19: =F19*(1+הנחות!$B$7) -> 92950 | H19: =D19*G19 -> 92950 | I19: =D19*F19 -> 71500 | J19: =IF(H19>0,(H19-I19)/H19,0) -> 0.23076923 | K19: כ-25% משרה לאורך כ-6 חודשים.
B21: סה"כ רכיבים | H21: =SUM(H4:H12) -> 1595980.8 | I21: =SUM(I4:I12) -> 1350445.2
B22: סה"כ שירותים | H22: =SUM(H13:H19) -> 511076.8 | I22: =SUM(I13:I19) -> 393136
B23: סה"כ הצעה (₪) – הבסיס לציון המחיר | H23: =H21+H22 -> 2107057.5 | I23: =I21+I22 -> 1743581.2
B24: נתח הרכיבים מסך ההצעה | H24: =IF(H23>0,H21/H23,0) -> 0.75744526

Sheet ניקוד ותחרות
A1: ניקוד ותחרות
A3: רכיב | B3: מרבי | C3: HOT | D3: מתחרה | E3: הערה
A4: הנחת המתחרה מ-GPL (רכיבים) | D4: 0.4 | E4: שותף עם רישוי עסקה (Deal Registration) מקבל הנחה גבוהה יותר.
A5: מחיר השירותים של המתחרה ביחס לשלנו | D5: 0.9
A6: סך ההצעה (₪) | C6: ='כתב כמויות'!$H$23 -> 2107057.5 | D6: =SUMPRODUCT('כתב כמויות'!D4:D12,'כתב כמויות'!E4:E12)*(1-D4)*הנחות!B4+'כתב כמויות'!$H$22*D5 -> 1933182.1
A7: ציון מחיר | B7: 60 | C7: =60*MIN(C6,D6)/C6 -> 55.04877 | D7: =60*MIN(C6,D6)/D6 -> 60
A8: הסמכת Preferred Security Partner (א) | B8: 10 | C8: 0 | D8: 10 | E8: לא ידוע אם ל-HOT יש – שאלה פנימית.
A9: פרויקטי Cyber Vision מעבר לראשון (ב) – 2.5 לפרויקט | B9: 10 | C9: 0 | D9: 5
A10: עובדי CCNA (ג) – 11–20: 5; 21–30: 7.5; 31+: 10 | B10: 10 | C10: 5 | D10: 10
A11: עובדי CCST (ג) – 3–5: 2.5; 6–8: 5; 9–11: 7.5; 12+: 10 | B11: 10 | C11: 2.5 | D11: 5
A12: ציון כולל | B12: 100 | C12: =SUM(C7:C11) -> 62.54877 | D12: =SUM(D7:D11) -> 90
A13: פער (HOT פחות מתחרה) | C13: =C12-D12 -> -27.45123
A14: הצעה מרבית של HOT לשוויון ציונים (₪) | C14: =60*D6/(60+SUM(D8:D11)-SUM(C8:C11)) -> 1405950.6 | E14: אם הערך נמוך מהעלות (גיליון רווחיות) – אין דרך לנצח במחיר בלבד.
A15: שווי נקודת איכות אחת בהצעה (₪) | C15: =C6*C6/(60*MIN(C6,D6)) -> 38276.196 | E15: כמה ₪ צריך להוריד מההצעה כדי לפצות על נקודה אחת.
A17: רגישות: הנחה מוצעת מ-GPL
A18: הנחה מוצעת | B18: סך הצעה (₪) | C18: ציון מחיר | D18: ציון כולל HOT | E18: רווח לפני אחזקה (₪)
A19: 0.25 | B19: =SUMPRODUCT('כתב כמויות'!$D$4:$D$12,'כתב כמויות'!$E$4:$E$12)*(1-A19)*הנחות!$B$4+'כתב כמויות'!$H$22 -> 2352593 | C19: =60*MIN(B19,$D$6)/B19 -> 49.303439 | D19: =C19+SUM($C$8:$C$11) -> 56.803439 | E19: =B19-'כתב כמויות'!$I$21-'כתב כמויות'!$I$22 -> 609011.8
A20: 0.3 | B20: =SUMPRODUCT('כתב כמויות'!$D$4:$D$12,'כתב כמויות'!$E$4:$E$12)*(1-A20)*הנחות!$B$4+'כתב כמויות'!$H$22 -> 2229825.3 | C20: =60*MIN(B20,$D$6)/B20 -> 52.017944 | D20: =C20+SUM($C$8:$C$11) -> 59.517944 | E20: =B20-'כתב כמויות'!$I$21-'כתב כמויות'!$I$22 -> 486244.05
A21: 0.35 | B21: =SUMPRODUCT('כתב כמויות'!$D$4:$D$12,'כתב כמויות'!$E$4:$E$12)*(1-A21)*הנחות!$B$4+'כתב כמויות'!$H$22 -> 2107057.5 | C21: =60*MIN(B21,$D$6)/B21 -> 55.04877 | D21: =C21+SUM($C$8:$C$11) -> 62.54877 | E21: =B21-'כתב כמויות'!$I$21-'כתב כמויות'!$I$22 -> 363476.3
A22: 0.4 | B22: =SUMPRODUCT('כתב כמויות'!$D$4:$D$12,'כתב כמויות'!$E$4:$E$12)*(1-A22)*הנחות!$B$4+'כתב כמויות'!$H$22 -> 1984289.8 | C22: =60*MIN(B22,$D$6)/B22 -> 58.454631 | D22: =C22+SUM($C$8:$C$11) -> 65.954631 | E22: =B22-'כתב כמויות'!$I$21-'כתב כמויות'!$I$22 -> 240708.55
A23: 0.42 | B23: =SUMPRODUCT('כתב כמויות'!$D$4:$D$12,'כתב כמויות'!$E$4:$E$12)*(1-A23)*הנחות!$B$4+'כתב כמויות'!$H$22 -> 1935182.7 | C23: =60*MIN(B23,$D$6)/B23 -> 59.937972 | D23: =C23+SUM($C$8:$C$11) -> 67.437972 | E23: =B23-'כתב כמויות'!$I$21-'כתב כמויות'!$I$22 -> 191601.45
A24: 0.45 | B24: =SUMPRODUCT('כתב כמויות'!$D$4:$D$12,'כתב כמויות'!$E$4:$E$12)*(1-A24)*הנחות!$B$4+'כתב כמויות'!$H$22 -> 1861522.1 | C24: =60*MIN(B24,$D$6)/B24 -> 60 | D24: =C24+SUM($C$8:$C$11) -> 67.5 | E24: =B24-'כתב כמויות'!$I$21-'כתב כמויות'!$I$22 -> 117940.8

Sheet רווחיות
A1: רווחיות לכל ההתקשרות
A3: סעיף | B3: ₪ | C3: הערה
A4: הכנסה – רכיבים | B4: ='כתב כמויות'!$H$21 -> 1595980.8
A5: הכנסה – שירותים | B5: ='כתב כמויות'!$H$22 -> 511076.8
A6: סה"כ הכנסה | B6: =B4+B5 -> 2107057.5
A7: עלות רכיבים | B7: =-'כתב כמויות'!$I$21 -> -1350445.2 | C7: בדולר – חשיפה לשער עד מועד הרכישה.
A8: עלות שירותים | B8: =-'כתב כמויות'!$I$22 -> -393136
A9: אחזקה 24/7 ל-60 חודשים | B9: =-הנחות!B11*הנחות!B12 -> -180000 | C9: אין עליה תמורה נפרדת.
A10: סה"כ עלות | B10: =B7+B8+B9 -> -1923581.2
A11: רווח | B11: =B6+B10 -> 183476.3
A12: מרווח | B12: =IF(B6>0,B11/B6,0) -> 0.087077024

Sheet תזרים
A1: תזרים חודשי (66 חודשים)
A2: NPV | C2: =F7+NPV(הנחות!B15/12,F8:F73) -> 157922.67
A3: חשיפת מזומנים מרבית | C3: =MIN(G7:G73) -> -1556013.2
A4: הנחה: הציוד משולם למפיץ חודש לפני האספקה; חשבון רכיבים באספקה; שירותים בחלקים שווים לאורך ההתקנות; תקבול אחרי פיגור התשלום; אחזקה מחודש האספקה.
A6: חודש | B6: חשבון רכיבים | C6: חשבון שירותים | D6: תקבול | E6: תשלום לספקים ועבודה | F6: תזרים נטו | G6: מצטבר
A7: 0 | B7: =IF(A7=הנחות!$B$16,'כתב כמויות'!$H$21,0) -> 0 | C7: =IF(AND(A7>=הנחות!$B$16,A7<הנחות!$B$16+הנחות!$B$17),'כתב כמויות'!$H$22/הנחות!$B$17,0) -> 0 | D7: =IF(A7-ROUND(הנחות!$B$14,0)>=0,INDEX($B$7:$B$73,A7-ROUND(הנחות!$B$14,0)+1)+INDEX($C$7:$C$73,A7-ROUND(הנחות!$B$14,0)+1),0) -> 0 | E7: =-(IF(A7=הנחות!$B$16-1,'כתב כמויות'!$I$21,0)+IF(AND(A7>=הנחות!$B$16,A7<הנחות!$B$16+הנחות!$B$17),'כתב כמויות'!$I$22/הנחות!$B$17,0)+IF(AND(A7>=הנחות!$B$16,A7<הנחות!$B$16+הנחות!$B$12),הנחות!$B$11,0)) -> 0 | F7: =D7+E7 -> 0 | G7: =F7 -> 0
A8: 1 | B8: =IF(A8=הנחות!$B$16,'כתב כמויות'!$H$21,0) -> 0 | C8: =IF(AND(A8>=הנחות!$B$16,A8<הנחות!$B$16+הנחות!$B$17),'כתב כמויות'!$H$22/הנחות!$B$17,0) -> 0 | D8: =IF(A8-ROUND(הנחות!$B$14,0)>=0,INDEX($B$7:$B$73,A8-ROUND(הנחות!$B$14,0)+1)+INDEX($C$7:$C$73,A8-ROUND(הנחות!$B$14,0)+1),0) -> 0 | E8: =-(IF(A8=הנחות!$B$16-1,'כתב כמויות'!$I$21,0)+IF(AND(A8>=הנחות!$B$16,A8<הנחות!$B$16+הנחות!$B$17),'כתב כמויות'!$I$22/הנחות!$B$17,0)+IF(AND(A8>=הנחות!$B$16,A8<הנחות!$B$16+הנחות!$B$12),הנחות!$B$11,0)) -> 0 | F8: =D8+E8 -> 0 | G8: =G7+F8 -> 0
A9: 2 | B9: =IF(A9=הנחות!$B$16,'כתב כמויות'!$H$21,0) -> 0 | C9: =IF(AND(A9>=הנחות!$B$16,A9<הנחות!$B$16+הנחות!$B$17),'כתב כמויות'!$H$22/הנחות!$B$17,0) -> 0 | D9: =IF(A9-ROUND(הנחות!$B$14,0)>=0,INDEX($B$7:$B$73,A9-ROUND(הנחות!$B$14,0)+1)+INDEX($C$7:$C$73,A9-ROUND(הנחות!$B$14,0)+1),0) -> 0 | E9: =-(IF(A9=הנחות!$B$16-1,'כתב כמויות'!$I$21,0)+IF(AND(A9>=הנחות!$B$16,A9<הנחות!$B$16+הנחות!$B$17),'כתב כמויות'!$I$22/הנחות!$B$17,0)+IF(AND(A9>=הנחות!$B$16,A9<הנחות!$B$16+הנחות!$B$12),הנחות!$B$11,0)) -> 0 | F9: =D9+E9 -> 0 | G9: =G8+F9 -> 0
A10: 3 | B10: =IF(A10=הנחות!$B$16,'כתב כמויות'!$H$21,0) -> 0 | C10: =IF(AND(A10>=הנחות!$B$16,A10<הנחות!$B$16+הנחות!$B$17),'כתב כמויות'!$H$22/הנחות!$B$17,0) -> 0 | D10: =IF(A10-ROUND(הנחות!$B$14,0)>=0,INDEX($B$7:$B$73,A10-ROUND(הנחות!$B$14,0)+1)+INDEX($C$7:$C$73,A10-ROUND(הנחות!$B$14,0)+1),0) -> 0 | E10: =-(IF(A10=הנחות!$B$16-1,'כתב כמויות'!$I$21,0)+IF(AND(A10>=הנחות!$B$16,A10<הנחות!$B$16+הנחות!$B$17),'כתב כמויות'!$I$22/הנחות!$B$17,0)+IF(AND(A10>=הנחות!$B$16,A10<הנחות!$B$16+הנחות!$B$12),הנחות!$B$11,0)) -> -1350445.2 | F10: =D10+E10 -> -1350445.2 | G10: =G9+F10 -> -1350445.2
A11: 4 | B11: =IF(A11=הנחות!$B$16,'כתב כמויות'!$H$21,0) -> 1595980.8 | C11: =IF(AND(A11>=הנחות!$B$16,A11<הנחות!$B$16+הנחות!$B$17),'כתב כמויות'!$H$22/הנחות!$B$17,0) -> 85179.467 | D11: =IF(A11-ROUND(הנחות!$B$14,0)>=0,INDEX($B$7:$B$73,A11-ROUND(הנחות!$B$14,0)+1)+INDEX($C$7:$C$73,A11-ROUND(הנחות!$B$14,0)+1),0) -> 0 | E11: =-(IF(A11=הנחות!$B$16-1,'כתב כמויות'!$I$21,0)+IF(AND(A11>=הנחות!$B$16,A11<הנחות!$B$16+הנחות!$B$17),'כתב כמויות'!$I$22/הנחות!$B$17,0)+IF(AND(A11>=הנחות!$B$16,A11<הנחות!$B$16+הנחות!$B$12),הנחות!$B$11,0)) -> -68522.667 | F11: =D11+E11 -> -68522.667 | G11: =G10+F11 -> -1418967.9
A12: 5 | B12: =IF(A12=הנחות!$B$16,'כתב כמויות'!$H$21,0) -> 0 | C12: =IF(AND(A12>=הנחות!$B$16,A12<הנחות!$B$16+הנחות!$B$17),'כתב כמויות'!$H$22/הנחות!$B$17,0) -> 85179.467 | D12: =IF(A12-ROUND(הנחות!$B$14,0)>=0,INDEX($B$7:$B$73,A12-ROUND(הנחות!$B$14,0)+1)+INDEX($C$7:$C$73,A12-ROUND(הנחות!$B$14,0)+1),0) -> 0 | E12: =-(IF(A12=הנחות!$B$16-1,'כתב כמויות'!$I$21,0)+IF(AND(A12>=הנחות!$B$16,A12<הנחות!$B$16+הנחות!$B$17),'כתב כמויות'!$I$22/הנחות!$B$17,0)+IF(AND(A12>=הנחות!$B$16,A12<הנחות!$B$16+הנחות!$B$12),הנחות!$B$11,0)) -> -68522.667 | F12: =D12+E12 -> -68522.667 | G12: =G11+F12 -> -1487490.6
A13: 6 | B13: =IF(A13=הנחות!$B$16,'כתב כמויות'!$H$21,0) -> 0 | C13: =IF(AND(A13>=הנחות!$B$16,A13<הנחות!$B$16+הנחות!$B$17),'כתב כמויות'!$H$22/הנחות!$B$17,0) -> 85179.467 | D13: =IF(A13-ROUND(הנחות!$B$14,0)>=0,INDEX($B$7:$B$73,A13-ROUND(הנחות!$B$14,0)+1)+INDEX($C$7:$C$73,A13-ROUND(הנחות!$B$14,0)+1),0) -> 0 | E13: =-(IF(A13=הנחות!$B$16-1,'כתב כמויות'!$I$21,0)+IF(AND(A13>=הנחות!$B$16,A13<הנחות!$B$16+הנחות!$B$17),'כתב כמויות'!$I$22/הנחות!$B$17,0)+IF(AND(A13>=הנחות!$B$16,A13<הנחות!$B$16+הנחות!$B$12),הנחות!$B$11,0)) -> -68522.667 | F13: =D13+E13 -> -68522.667 | G13: =G12+F13 -> -1556013.2
A14: 7 | B14: =IF(A14=הנחות!$B$16,'כתב כמויות'!$H$21,0) -> 0 | C14: =IF(AND(A14>=הנחות!$B$16,A14<הנחות!$B$16+הנחות!$B$17),'כתב כמויות'!$H$22/הנחות!$B$17,0) -> 85179.467 | D14: =IF(A14-ROUND(הנחות!$B$14,0)>=0,INDEX($B$7:$B$73,A14-ROUND(הנחות!$B$14,0)+1)+INDEX($C$7:$C$73,A14-ROUND(הנחות!$B$14,0)+1),0) -> 1681160.2 | E14: =-(IF(A14=הנחות!$B$16-1,'כתב כמויות'!$I$21,0)+IF(AND(A14>=הנחות!$B$16,A14<הנחות!$B$16+הנחות!$B$17),'כתב כמויות'!$I$22/הנחות!$B$17,0)+IF(AND(A14>=הנחות!$B$16,A14<הנחות!$B$16+הנחות!$B$12),הנחות!$B$11,0)) -> -68522.667 | F14: =D14+E14 -> 1612637.6 | G14: =G13+F14 -> 56624.3
A15: 8 | B15: =IF(A15=הנחות!$B$16,'כתב כמויות'!$H$21,0) -> 0 | C15: =IF(AND(A15>=הנחות!$B$16,A15<הנחות!$B$16+הנחות!$B$17),'כתב כמויות'!$H$22/הנחות!$B$17,0) -> 85179.467 | D15: =IF(A15-ROUND(הנחות!$B$14,0)>=0,INDEX($B$7:$B$73,A15-ROUND(הנחות!$B$14,0)+1)+INDEX($C$7:$C$73,A15-ROUND(הנחות!$B$14,0)+1),0) -> 85179.467 | E15: =-(IF(A15=הנחות!$B$16-1,'כתב כמויות'!$I$21,0)+IF(AND(A15>=הנחות!$B$16,A15<הנחות!$B$16+הנחות!$B$17),'כתב כמויות'!$I$22/הנחות!$B$17,0)+IF(AND(A15>=הנחות!$B$16,A15<הנחות!$B$16+הנחות!$B$12),הנחות!$B$11,0)) -> -68522.667 | F15: =D15+E15 -> 16656.8 | G15: =G14+F15 -> 73281.1
A16: 9 | B16: =IF(A16=הנחות!$B$16,'כתב כמויות'!$H$21,0) -> 0 | C16: =IF(AND(A16>=הנחות!$B$16,A16<הנחות!$B$16+הנחות!$B$17),'כתב כמויות'!$H$22/הנחות!$B$17,0) -> 85179.467 | D16: =IF(A16-ROUND(הנחות!$B$14,0)>=0,INDEX($B$7:$B$73,A16-ROUND(הנחות!$B$14,0)+1)+INDEX($C$7:$C$73,A16-ROUND(הנחות!$B$14,0)+1),0) -> 85179.467 | E16: =-(IF(A16=הנחות!$B$16-1,'כתב כמויות'!$I$21,0)+IF(AND(A16>=הנחות!$B$16,A16<הנחות!$B$16+הנחות!$B$17),'כתב כמויות'!$I$22/הנחות!$B$17,0)+IF(AND(A16>=הנחות!$B$16,A16<הנחות!$B$16+הנחות!$B$12),הנחות!$B$11,0)) -> -68522.667 | F16: =D16+E16 -> 16656.8 | G16: =G15+F16 -> 89937.9
A17: 10 | B17: =IF(A17=הנחות!$B$16,'כתב כמויות'!$H$21,0) -> 0 | C17: =IF(AND(A17>=הנחות!$B$16,A17<הנחות!$B$16+הנחות!$B$17),'כתב כמויות'!$H$22/הנחות!$B$17,0) -> 0 | D17: =IF(A17-ROUND(הנחות!$B$14,0)>=0,INDEX($B$7:$B$73,A17-ROUND(הנחות!$B$14,0)+1)+INDEX($C$7:$C$73,A17-ROUND(הנחות!$B$14,0)+1),0) -> 85179.467 | E17: =-(IF(A17=הנחות!$B$16-1,'כתב כמויות'!$I$21,0)+IF(AND(A17>=הנחות!$B$16,A17<הנחות!$B$16+הנחות!$B$17),'כתב כמויות'!$I$22/הנחות!$B$17,0)+IF(AND(A17>=הנחות!$B$16,A17<הנחות!$B$16+הנחות!$B$12),הנחות!$B$11,0)) -> -3000 | F17: =D17+E17 -> 82179.467 | G17: =G16+F17 -> 172117.37
A18: 11 | B18: =IF(A18=הנחות!$B$16,'כתב כמויות'!$H$21,0) -> 0 | C18: =IF(AND(A18>=הנחות!$B$16,A18<הנחות!$B$16+הנחות!$B$17),'כתב כמויות'!$H$22/הנחות!$B$17,0) -> 0 | D18: =IF(A18-ROUND(הנחות!$B$14,0)>=0,INDEX($B$7:$B$73,A18-ROUND(הנחות!$B$14,0)+1)+INDEX($C$7:$C$73,A18-ROUND(הנחות!$B$14,0)+1),0) -> 85179.467 | E18: =-(IF(A18=הנחות!$B$16-1,'כתב כמויות'!$I$21,0)+IF(AND(A18>=הנחות!$B$16,A18<הנחות!$B$16+הנחות!$B$17),'כתב כמויות'!$I$22/הנחות!$B$17,0)+IF(AND(A18>=הנחות!$B$16,A18<הנחות!$B$16+הנחות!$B$12),הנחות!$B$11,0)) -> -3000 | F18: =D18+E18 -> 82179.467 | G18: =G17+F18 -> 254296.83
A19: 12 | B19: =IF(A19=הנחות!$B$16,'כתב כמויות'!$H$21,0) -> 0 | C19: =IF(AND(A19>=הנחות!$B$16,A19<הנחות!$B$16+הנחות!$B$17),'כתב כמויות'!$H$22/הנחות!$B$17,0) -> 0 | D19: =IF(A19-ROUND(הנחות!$B$14,0)>=0,INDEX($B$7:$B$73,A19-ROUND(הנחות!$B$14,0)+1)+INDEX($C$7:$C$73,A19-ROUND(הנחות!$B$14,0)+1),0) -> 85179.467 | E19: =-(IF(A19=הנחות!$B$16-1,'כתב כמויות'!$I$21,0)+IF(AND(A19>=הנחות!$B$16,A19<הנחות!$B$16+הנחות!$B$17),'כתב כמויות'!$I$22/הנחות!$B$17,0)+IF(AND(A19>=הנחות!$B$16,A19<הנחות!$B$16+הנחות!$B$12),הנחות!$B$11,0)) -> -3000 | F19: =D19+E19 -> 82179.467 | G19: =G18+F19 -> 336476.3
... A73: 66 | B73: =IF(A73=הנחות!$B$16,'כתב כמויות'!$H$21,0) -> 0 | C73: =IF(AND(A73>=הנחות!$B$16,A73<הנחות!$B$16+הנחות!$B$17),'כתב כמויות'!$H$22/הנחות!$B$17,0) -> 0 | D73: =IF(A73-ROUND(הנחות!$B$14,0)>=0,INDEX($B$7:$B$73,A73-ROUND(הנחות!$B$14,0)+1)+INDEX($C$7:$C$73,A73-ROUND(הנחות!$B$14,0)+1),0) -> 0 | E73: =-(IF(A73=הנחות!$B$16-1,'כתב כמויות'!$I$21,0)+IF(AND(A73>=הנחות!$B$16,A73<הנחות!$B$16+הנחות!$B$17),'כתב כמויות'!$I$22/הנחות!$B$17,0)+IF(AND(A73>=הנחות!$B$16,A73<הנחות!$B$16+הנחות!$B$12),הנחות!$B$11,0)) -> 0 | F73: =D73+E73 -> 0 | G73: =G72+F73 -> 183476.3
